ID,Jira_ID,Issue_Key,URL,Title,Description,Description_Text,Description_Code,Type,Priority,Status,Resolution,Creation_Date,Estimation_Date,Resolution_Date,Last_Updated,Story_Point,Timespent,In_Progress_Minutes,Total_Effort_Minutes,Resolution_Time_Minute,Title_Changed_After_Estimation,Description_Changed_After_Estimation,Story_Point_Changed_After_Estimation,Pull_Request_URL,Creator_ID,Reporter_ID,Assignee_ID,Sprint_ID,Project_ID
1,3768,ISSUE-1,https://issues.example.com/ISSUE-1,TQSBEqVSSMdVEbA,HwzsrbHLUgHtSOyQSlbarjLedWwFjCpXgjBvTOtexfnaPMgjqy,TIpYvxNwUDcmjJNmmuFcEtcuAUoGbJmnfmGPsSstkULkJbBIprwYuXBVJAXJhJsmxmiLrmfZZtTqkfBRmbCxsXFdURAtvDPlusdo,OcnSKZfFLnzqAZolEgDQ,Task,Low,Closed,Incomplete,2022-07-31,2023-03-30,2023-07-15,2024-08-24,9.8,81.13,438.91,460.71,6063.44,False,False,True,https://github.com/example/repo/pull/304,8,5,24,11,2
2,5851,ISSUE-2,https://issues.example.com/ISSUE-2,OWsWriPkeLIzavo,GXZWELlpvGKsVHcCEdBhEVUsHWHjwPcCgJovNuNPtiYOpZTrtb,suAHBPwrihZTFIpnfPToSiWoWnCNUdNkgQToxHikdJfcGyJvrYtKdqroYuiVbfqxHSISdlxuNgPsJNpcBzFaOtOFbNYPXAWyszDf,hxWvgiLxvXGpfaVBBSGy,Story,Critical,Closed,Incomplete,2022-10-09,2023-02-15,2023-12-13,2024-04-28,6.5,38.63,483.55,3263.14,7153.81,False,False,True,https://github.com/example/repo/pull/365,48,5,8,3,8
3,4012,ISSUE-3,https://issues.example.com/ISSUE-3,OfIXYWOyFeBsncw,dJTSJDjWNfeOhbwTDnGPFZFxVSvNgSgmweTywazNDFgSUFVbJs,hHGAlkTHwVPbEyBrEJpBoJqZPfbOXZkNkDihndPVSFYAmVdEHXmKWStWMGtvpXicEZljKpsxVuuPBYkSmXyKchYWqiEmfQfalXhn,utuRwwIpRGvwzMYsNPFS,Story,Medium,Open,Won't Fix,2021-08-29,2023-05-13,2023-11-17,2024-07-31,4.7,81.15,124.8,6919.39,6131.49,True,False,False,https://github.com/example/repo/pull/723,39,13,20,8,9
4,1290,ISSUE-4,https://issues.example.com/ISSUE-4,gRRyYxvhEJAdsxi,AyfioglirNNphmxGVuPzmveWHZDYsreurpZCMIlSmkLfhzQjWf,ObYnNKlfmmdBbmghuKRdguQrCKanZhraiWRzazUCYwEREYpILfzYAKPwsJjtuTbRXPBAlirdaRmEyFrFBQHjmXmxYExIjyRbXijx,ecCcKpHHWpshfvPkKyTR,Story,Medium,Resolved,Incomplete,2022-09-22,2023-04-08,2023-12-05,2024-03-03,5.5,57.32,935.25,5524.82,8581.52,False,False,False,https://github.com/example/repo/pull/795,31,26,18,19,5
5,8172,ISSUE-5,https://issues.example.com/ISSUE-5,bmyXehnjngxPrvf,BespbwmjVRSmwsnKuoLGUHdCDivfKOxnBhucMgDCrsOaCNSMCr,mWmuimzPkgLcREoRmSIQTdQasJNMsAOAIuIQOLZErFueulBzVDxpnMNYPAsmkDimeHHslWoWKmejpXQfVmlNxqJWTryOLOnpfjer,cJHkJBASBEMTpOLakmnb,Task,Critical,Closed,Fixed,2022-03-20,2023-04-27,2023-07-10,2024-06-14,6.1,94.28,367.22,3023.54,2313.16,True,True,True,https://github.com/example/repo/pull/702,21,11,44,19,9
6,2027,ISSUE-6,https://issues.example.com/ISSUE-6,XGhnFiBDkkBkdDF,LYyhFLXReuoKdolqRzfwRNYNhNAROPLGdIMgMFweTuEjkeNafh,sfRxNxMANfcScPZFcBTyXWILzIhSDDZtQcQoywPfQOfSGudMmUxAdUeGisSROXcpFwcGCheyfMiBIxzDXBlrlVZDaGsIoHTzwbZF,XFtmLbGDqYNBkpHdGfxB,Task,Critical,Resolved,Cannot Reproduce,2021-10-06,2023-01-14,2023-10-09,2024-02-04,3.2,83.96,823.94,9598.66,4659.41,False,False,True,https://github.com/example/repo/pull/57,41,7,22,9,8
7,5638,ISSUE-7,https://issues.example.com/ISSUE-7,FScGAMVOtcqOgsg,ENuqdyHyGEzqDFOKTKDjKuaDiIjPEASwQRWmWfILHitlbGEDEU,rJaohonhcrjLOwlLjhgeRwfavWwRytMKuyLwEuEsMzYPqFTGgenjPYdvOJEYLbkfPcMjiABWqMmOZcksBjvXhobCBOojAYRMiKQh,AHgLuCAKIlmxIkOlPshI,Bug,High,In Progress,Fixed,2021-09-09,2023-05-26,2023-12-16,2024-10-17,9.5,47.58,830.92,2203.65,2609.01,True,True,True,https://github.com/example/repo/pull/397,47,23,31,4,5
8,9482,ISSUE-8,https://issues.example.com/ISSUE-8,HyiUpfFzftWTJnC,wzFoouxXfDTADfMODYKtQzAfuuFEyQJNiDitVCUrWoNDudlOmU,bgqyKtjsBBuVdXBKrJwyELAemNoUgMWrYeGHJyQEZNHTpRKwCbrDKsAAqJroKqYWBUVgVkazXCdSUApmInlKeonjlAtQTyXaLzzy,NqjzFnyMwRRVbcSvNCqq,Bug,Low,Open,Cannot Reproduce,2022-11-22,2023-03-25,2023-11-07,2024-07-05,10.9,86.95,926.83,1323.14,9415.91,True,False,True,https://github.com/example/repo/pull/94,22,35,45,1,1
9,5046,ISSUE-9,https://issues.example.com/ISSUE-9,VQkuVLZjyiEIVsk,jDFpSsuXZbLcANDqVMtfNSHuTHRGDdteJEeInGzALxtDxyPdGQ,ruumZOAkgNrveqriOQTsDgspNsJwsFfMnkVAtWPHIwvxNanyPsFCbcbeBgYYfpcuKWmAIHihpVBvbTeiBTCEwoVrPwwUJCPQTwFr,CieTyDxXeDMUpXMcAFgk,Task,Low,Open,Won't Fix,2021-05-27,2023-04-10,2023-09-04,2024-09-03,10.7,91.17,736.13,3612.77,6496.09,False,True,False,https://github.com/example/repo/pull/665,37,26,28,17,1
10,1374,ISSUE-10,https://issues.example.com/ISSUE-10,zhvxVpWHfuzckdv,aFGwuilnmxFoLguqYVmCOQnVZnnFjSuNzFZhqYadYmRuyoyosN,zwFdYeEwmvgRgWoLmnTjnsrWfNRNAvrlpTrUbzgqHXzUJAfkYHVVYaKUypJnmjbJKhOrISvXNpQZdvVNRvARFfrbjGdDJfDGXAqN,vrvPWDSErfONkvHDdQGL,Bug,High,Closed,Duplicate,2022-05-04,2023-05-30,2023-12-31,2024-05-07,7.7,55.44,275.48,9868.49,2266.87,True,False,False,https://github.com/example/repo/pull/405,22,21,50,5,9
11,6607,ISSUE-11,https://issues.example.com/ISSUE-11,HVzLthDncMFXrWf,IVCIYXQraFxRNWdQkeskSebDYIxRhgYvNhjGdoFuZMBpNeqGmu,qqXEtZSUjpqQpFktTSUcmYNgIKaTmrYCncfoIpnOnzgawUFYHVtboxsDetikMkdAvqQdnWDBVggokAEuTCfIXKweuphhvRanjckS,QZVVMMvmmQFIQVeLVEdI,Story,Medium,Closed,Cannot Reproduce,2021-01-30,2023-02-08,2023-06-29,2024-11-01,4.6,28.62,385.77,967.1,8396.02,False,False,True,https://github.com/example/repo/pull/9,34,14,16,11,5
12,4053,ISSUE-12,https://issues.example.com/ISSUE-12,HEVjBspybHSTjwD,KUlOUAKEZAyMZkORHnmkRnJPNRbwDmKyjdGyEXFtRMTMTVSKdU,yHSiGIvmCgAzETfoTZNLaJkHKqUfrrNTyrzTumLcAENZqUQLMGLVkpgozBcYgQuDklVXyCVnaNOrRSiwYtUzhPGczYtgxlLzLjJU,HdPmPdnYJriaIuaEjPwZ,Task,Critical,Open,Won't Fix,2022-01-25,2023-01-05,2023-11-30,2024-08-17,7.3,96.27,928.78,3655.69,8806.29,True,False,True,https://github.com/example/repo/pull/924,10,49,5,17,7
13,8258,ISSUE-13,https://issues.example.com/ISSUE-13,UpNgBHTbWeWnArz,CVosMTsPzvvtGaaPcDqzWJELslCQmPskiYTdmNmfYzPMRGpXIx,yBKNoYbQbMJuxXRAhKHcLbebVfQgXFbkIlfHRjqlBqbaxyrJLmiPOWdZzriNnpJWoYxHULRCztEUjfWFOBquGrwkYrIqAYnZnbnl,lsVwSeKzcXwBcPPRreon,Bug,Low,Resolved,Incomplete,2021-10-30,2023-04-22,2023-07-22,2024-09-12,4.1,47.53,308.76,3426.19,7260.39,False,False,True,https://github.com/example/repo/pull/710,2,22,1,17,9
14,3424,ISSUE-14,https://issues.example.com/ISSUE-14,zIoXaFTngBSHzvt,qJZPMrIOXfFPfvZkfTXBGxNpzUsLhUquRtBGTCRijhdchyycLr,sIbvnbWJUdCtUvjARNEOmGTxzqbZnXejEWIcOoQpaJSZogrFTidxsiPQJChzTVGnhbRadqkELsaXldeuxZgxixFCzhErWTieTAki,UMEzwiCEJuOvvAfHdFMN,Task,Critical,In Progress,Incomplete,2021-07-21,2023-02-11,2023-08-09,2024-10-10,4.6,54.55,343.14,4180.24,2971.12,True,True,False,https://github.com/example/repo/pull/830,3,23,49,20,6
15,5302,ISSUE-15,https://issues.example.com/ISSUE-15,LjSMHBtKZQXVapA,zUUHsGxvJivSCsGRKYklRElheriygPKIeSXBipVwbQFvHdEGXT,uqESdwaAVaFirhLZJTjPjiUWecFaLUkAOzYgsFsICLQUWNLtoEuyEXZDCoREzzKODgysJsRNzLTvpStZviDwWUpFJLweKTggcbtw,KrThcjwnWjiOYnqAGHMo,Task,Medium,In Progress,Incomplete,2021-03-18,2023-02-25,2023-08-26,2024-08-14,5.6,63.53,669.25,5094.72,6228.8,True,True,True,https://github.com/example/repo/pull/695,25,17,49,5,4
16,9471,ISSUE-16,https://issues.example.com/ISSUE-16,hVgxKEEcZVgiXoZ,GQKSXwwmMstdTeAXpyIGIiUluToUAwhdepRxvGqvfhupmlwWlW,hpBXFINSQhdKLXGZwaJVyLOWJcGYgjZMtCxtUdKBaYmbUpRNKdgMfBQnngWcZzGhilstxSVqKXhLEGhJhOKkQvpzOFqrLdneCvxY,flSgRclHFtLWfWVpTMWd,Task,High,Resolved,Incomplete,2022-02-17,2023-05-13,2023-07-21,2024-03-28,5.3,43.67,421.45,9705.68,3676.41,False,False,False,https://github.com/example/repo/pull/395,5,8,23,14,10
17,1263,ISSUE-17,https://issues.example.com/ISSUE-17,shuyZSrwEqLUZUv,wlryuFOmAPdpeOQAmAZelsqQqBGDVfKkRicecIQSNpoENUkgHT,tQQqWBsUAdnHYaMxNhaMUFpvzTLeBsRhvibKgIAOzcSVGHffOaaqFFvCCuVDrUkbCGPRBCdgySlEFsVhueQGGyUSNHaFSyYzOqre,bfiCNOZdKtiNOIDZVkCL,Bug,Low,Closed,Won't Fix,2021-12-14,2023-05-11,2023-09-28,2024-08-02,6.7,11.82,76.44,1586.03,7308.51,False,True,False,https://github.com/example/repo/pull/324,47,26,37,6,6
18,4210,ISSUE-18,https://issues.example.com/ISSUE-18,dfnNbnyIbOLGXiM,GqtXUzTHoMJjkaAWGzKkUpNfZslSOCbREjcpDhuuMUWtZKNqBB,olxBGCsVmzVJjUsSSalqEkOePPFnIsqDIRijkTfkKlvooBdnhWqyqkYmjBUhckhdUJJXjZXPIszLNFIKWriIPZLdgvafDNsOYGgf,CxVwzFEIsxdikRhjIWgi,Task,Low,Open,Duplicate,2022-07-17,2023-03-04,2023-10-06,2024-12-19,9.3,41.22,696.1,7711.82,9259.63,False,True,False,https://github.com/example/repo/pull/600,36,16,31,2,4
19,5936,ISSUE-19,https://issues.example.com/ISSUE-19,caIcGHDlhopgnFq,zJnQcNKzGITVPlaUwDmmKefCFdcxICswUUuUpkbQRPmLTZkWPN,LFplvwjyGdOxWWbemvBNiycEIBhIHNfLCpnkaxcmZynGhnvHRgSABJqDXaYDBTKBLIUimUNphkhAiLkyhuVYZmVFpqibEwUzdxuT,AxxFtdcrWZSxfDvJslmY,Story,Medium,Closed,Incomplete,2021-10-02,2023-04-02,2023-10-04,2024-01-06,12.2,47.27,606.31,9579.86,1112.14,False,False,True,https://github.com/example/repo/pull/595,45,50,4,13,8
20,3801,ISSUE-20,https://issues.example.com/ISSUE-20,cYrqRtMCNSNLlYQ,MjABuVToXjcVprTEXjXIBdRiFGxElnAxHLcYBTpQUXXfxHPUCK,pPecodyudWHNqLAeHqDADaZTcdhlpvXtKTeKAYPWpWdGPIupVdzGWvhcTISFZaUDxIyoOWIGpcbgjceSMIuJOtBKztyTWtqIJWgS,LcMsBqFnCaRTTequzzeA,Bug,Critical,Open,Duplicate,2022-01-10,2023-05-29,2023-10-26,2024-03-06,2.5,71.13,502.48,6815.63,117.32,True,False,False,https://github.com/example/repo/pull/888,49,44,44,11,2
21,9459,ISSUE-21,https://issues.example.com/ISSUE-21,AAlqkCgXSohFcjg,YErjTXOGEWcUIacKdGnuzhaySAounLjuteUmABOxaVCtIeXSyY,rbYnDrSrQoOvfATSwUnpUinJVfVmJxavnvTlpNYLJMfbkFzLwkDERSlYWtqLZeVJUmEOfDGqRyYfvjrzAoSYccvRBhCQRvBoYkoY,hXLjOWwQopLNSNotaJoN,Story,Critical,In Progress,Cannot Reproduce,2021-06-16,2023-04-17,2023-12-13,2024-07-26,10.2,74.94,317.87,5445.22,8759.77,True,False,False,https://github.com/example/repo/pull/879,43,33,43,9,8
22,7150,ISSUE-22,https://issues.example.com/ISSUE-22,mbWIUjAqHJryNLl,kKaMyiXorTwZUdSrvFpJoCtjUdNoyhHmWXIpnueJNbsgCSaqKu,XtQwcBMMvBHXpxPHYUzbiBVUWkQQYYyWxXFcYqygCSzCkaXuSMLTHenZstdvWlzBwzzvobfDfqkXYfwKyCmXjSqtqVjxtXAyZYkj,DVcrgFDdDNiCQALtsOpy,Task,Low,Closed,Cannot Reproduce,2022-02-26,2023-03-10,2023-11-22,2024-02-09,9.0,79.71,507.89,4046.84,1536.92,False,True,True,https://github.com/example/repo/pull/962,5,47,29,8,4
23,6204,ISSUE-23,https://issues.example.com/ISSUE-23,qwZMdkrktTLZUtN,AbMJiwQCfqAIhzAhuUPjwlMwXoneeZkeYuMWjGdqsBHKluQwvM,ZrKdqqfpiXXVSlWLAHGRsqVPTBTLpXQgEPPkMjMOBtyJOJJDTeKgSyWImpvtwaWfMfjVqRqcBmomrcrSRJzlApvCdWsenbxPLGXP,VhOXfukTEJxEetPMgPja,Bug,High,Resolved,Duplicate,2022-04-20,2023-05-31,2023-08-20,2024-08-18,6.9,81.26,888.14,212.52,5490.57,True,False,False,https://github.com/example/repo/pull/237,23,40,25,16,1
24,6264,ISSUE-24,https://issues.example.com/ISSUE-24,zxkJRNQvtIcEvSc,OzlXRgjYcNDqbjPVVkmoJikZrejjgpbTFtCxvSaomIDniwxZce,hofbQXXexdsrxvFpQMVAtspWxtLiBCLFcowXafjNtkZparVKamwqhFNGWrjQBjHMwjryqIGVXkTDNLZgAdBKHBWHPcYCDTpIgsiO,YmDwLhuHCNpmNrHtQrAc,Bug,Medium,Closed,Cannot Reproduce,2021-07-19,2023-04-21,2023-08-08,2024-05-06,11.8,69.26,467.65,298.62,3863.05,False,True,True,https://github.com/example/repo/pull/430,38,25,9,19,3
25,5013,ISSUE-25,https://issues.example.com/ISSUE-25,hajgGjJleVEBXvQ,tDDFmzQcUjirIXfulKOzAyRwmCaafLkkDMToqTLAHmIvJjCgjP,FJZdIaWytvKfsLHrPsucvwCMOFGxWCPYsQrSTQStJuDVjMoXpZuvCCavkdIiNJGNvBpuCnisKRRFegfIBrxNoBvNEhjwbsVMJwlt,lJOhNaIXaINikJWoGxHN,Story,High,Resolved,Won't Fix,2022-08-31,2023-05-29,2023-07-07,2024-09-10,6.6,71.39,936.31,8427.57,8848.95,True,False,True,https://github.com/example/repo/pull/305,17,4,43,7,7
26,9247,ISSUE-26,https://issues.example.com/ISSUE-26,qWXYdmHbMFrHbSA,YGONpimHJLRAFLagIygxDnQHhwsWfpCwdzSJfaIKFAbbcXgIBJ,FYOjDAFovHuyMSWxsVdfFTAVpwnNRXRrNuWqffABXPwLPEWUAphtLHGYEMhWNRMDJpEmtEPgrKFLaDZYHzITcnNcxyiptdCYMNWc,hhXpxYqSPcWFKAKmkODn,Bug,Critical,Closed,Duplicate,2022-02-05,2023-04-16,2023-11-07,2024-12-16,4.2,91.52,356.36,7615.68,9812.99,False,False,False,https://github.com/example/repo/pull/621,3,34,31,2,9
27,4355,ISSUE-27,https://issues.example.com/ISSUE-27,hoQMmuTpmAyPPaV,oeRCrbmSFtICRvaxYmzoiGhKOErqqBLFKbIFQrxjVxAtuhCzeB,ViNZHCeYBOAjBDxpbkQkvydIAIgYsnibMyNoiCWlHKcAvvlRbGOauoRgoHqwZVsGbjNAvMDUNuuenIFVTLvblFuvyIVtVBQyLCnU,ECjYemdLLVYMWSCZhzCv,Bug,Low,Open,Won't Fix,2022-12-18,2023-02-10,2023-11-28,2024-09-15,5.7,93.47,519.3,8251.79,9931.54,True,True,True,https://github.com/example/repo/pull/310,35,1,9,4,3
28,8932,ISSUE-28,https://issues.example.com/ISSUE-28,TJYkXEbwNiNQyiP,TZJnkTOCWBgEhtJEUOwDoLPMPmmciJbhYfLYzIzGiCBTcUWFfb,xeAlpCGgRUGOFfnasPOpsKsSXImtUVzoXmOqmoOatfoAyPXMiDuxgrkKDAOpvoQUxxmHmFSMVFsbhBugMgguQQZIvrXWwGHNDlfE,ALBNSqgLxVybMWIUuCXG,Bug,High,Open,Cannot Reproduce,2022-03-17,2023-05-11,2023-06-24,2024-07-07,11.1,45.44,490.89,4673.54,694.62,False,True,True,https://github.com/example/repo/pull/651,7,18,38,13,8
29,8704,ISSUE-29,https://issues.example.com/ISSUE-29,WTGzfCDtIEGwIEY,ouBMBiPsjpdDdeXPFANNwtPgvgzbererYgvjoRLIovTxtpCDTQ,SeOSJQvFBUIwmTKUqOdaxyyvyQbARcgWofEGDufAvxXDYTTyXpYnamYravnxTetluVTZvApeeejYguEJwizMKzlBpeaRUrFmRcEZ,vgPIxKrStyTdnbfwIFJc,Story,Low,Resolved,Won't Fix,2022-04-24,2023-03-28,2023-07-20,2024-11-05,3.1,91.49,877.71,5481.59,2649.34,True,True,True,https://github.com/example/repo/pull/378,49,12,37,20,4
30,7061,ISSUE-30,https://issues.example.com/ISSUE-30,xrXbIrKkkdXKtQV,CBtxxTsbEweDwRllaTvViysmZAdsuUuIuzVUVuAqnuEhAjwOLV,bQfLepXFzyIohwLUdKuWLjSfnRvQNWKtPAeuYtTLWlVHnZxrtZHMkVeMKRdEhACmdwzXrcIIYTihnsEWiFrBhOGmfdYTeaCFrlju,kvqFCwwAllylWggaYsog,Task,High,Resolved,Duplicate,2022-12-10,2023-03-15,2023-07-21,2024-12-11,10.6,39.59,777.32,1387.39,1896.36,False,True,True,https://github.com/example/repo/pull/349,23,1,38,11,5
31,9188,ISSUE-31,https://issues.example.com/ISSUE-31,kAGSHKONerVCCjW,eJxLqGYiaHinDqPShLNWnYTbFjeMfWmaUvReBBPsBLGQNzdnTE,IpAHpCNchJwmfpvLwzwJyZSHVTDWhvVixxuQdcHTCWlGMXAZfzuuUoltPYMZfMVhmgVEAqZeiFgwWCGYfjilFqGfBLLZdhNnVZnC,taBEopldNLSsDsUPAwLj,Task,Medium,In Progress,Cannot Reproduce,2021-08-30,2023-01-07,2023-11-18,2024-06-11,12.7,28.52,422.07,6013.49,3679.35,True,False,False,https://github.com/example/repo/pull/281,16,50,31,12,7
32,1072,ISSUE-32,https://issues.example.com/ISSUE-32,rbpZTiegddQbIbi,UbbGfHDKkRzDflRxjByyJRkQGCKWEPiwMSRBtRBkHOKorbFiCr,UudjQQatwtLBtWOCuIUKrQUDBsDzLgfcPWrKGYvKWUfLzQoJYWJqZMcXmztwdhVkrQUwFlNBPDtWOJCyHBwTRBxtBiFrHbkNHkSg,vNYyUucLUDwzFCPGGFjA,Story,Low,Closed,Cannot Reproduce,2021-07-19,2023-03-23,2023-10-18,2024-05-28,5.3,27.65,785.46,6414.43,488.71,False,True,False,https://github.com/example/repo/pull/398,6,48,26,3,2
33,7325,ISSUE-33,https://issues.example.com/ISSUE-33,htORprjprLSOFOK,QtLgAUikkFgFFpsyAcPepadohwZLbyInOfrsmEMFRapsUupYNL,bRKbFxwBAFCfARXnXLTkgxkMUzQRPdsXqtJQuAsFbdGsfhrWcrYKaxKjUasOiOknwaybvHjCUWUBWpapPsnHloyMPrCopqcBUyxs,sMXReeclVnSgTdJKmLci,Bug,Low,Closed,Fixed,2021-03-17,2023-03-21,2023-09-25,2024-07-01,3.3,28.26,864.62,9995.56,6991.75,False,True,False,https://github.com/example/repo/pull/345,38,32,7,5,7
34,4283,ISSUE-34,https://issues.example.com/ISSUE-34,ngcajKbsmlTIGIQ,cDPQvFJuQggEIiCpvEytglYcIiiWXjhwDVbsbkVuJpgDLyacaz,vMBtIGandxkmaNjQPDijfvyWiZllNHusoVUgqSjDCMMBWWAEDpmxaTVwPTaazpTPCokpCFyPLMyiJhOBXlvLytTkINxgrZMyyhqh,QzptOjkHShYXPDRzBCtq,Task,High,Resolved,Cannot Reproduce,2021-03-17,2023-04-21,2023-11-26,2024-03-18,10.8,2.43,853.98,4416.52,3701.09,True,True,False,https://github.com/example/repo/pull/54,34,20,25,14,8
35,2894,ISSUE-35,https://issues.example.com/ISSUE-35,rTKPzFSQLlUwBOn,lAFEquclyybtRzBkIpnqQWHFHkVpsLpgSryeDILGtDjDOsTZGj,ARBLxUpIFbmbgMMBeIEdZRHRbbRFJViFtqeJWBmNRRYqSwLylijFhKlrkgavSnWvUrPZRuWqWyHBokfcpnSVDZdQVLahPvDkCMYK,MPxkwBkGdPRNZkTpGCxu,Task,High,Closed,Incomplete,2022-12-02,2023-01-23,2023-10-08,2024-09-14,1.9,28.95,205.76,7820.25,3276.28,True,True,True,https://github.com/example/repo/pull/565,3,43,8,4,2
36,6663,ISSUE-36,https://issues.example.com/ISSUE-36,lHyXIanVAAtjFKv,FJmKJBQvlyCwayoQmHIvjlKUdQuQpKULPNFjjGnULzhVDOdyaE,ZdgKBTVPIZsmccoPCgloExXCgfgQgFYdTxeeDXNPLKnSNXnRwwMcSAzvYVfVneZptLZZcpFcfFZfDTdrvfvJHIYIQXNKLfxwZLsK,wAHTQfBYZRzARkBFavOa,Bug,Low,Resolved,Cannot Reproduce,2022-04-27,2023-04-11,2023-07-07,2024-11-13,5.7,39.99,746.93,5054.14,4546.81,False,False,True,https://github.com/example/repo/pull/701,47,7,28,8,10
37,5708,ISSUE-37,https://issues.example.com/ISSUE-37,LtfyTRHPYozmhCq,ijVFAvZNzVSNGvfNTJuelvUoiLgXSdjfcCHCZHInFuaUTAWHDz,bbQSCtwSNIywkXZtsrmvgJYvOOQQGwsHKcPLdgNgOFuGwhFJRpNoECsdmAmXUKveTCjnYitDZupVJwYFlfakViVEQHoOnjSlTmvJ,WZrjpdEOkGByNrufRlWv,Bug,Low,In Progress,Duplicate,2022-05-07,2023-04-21,2023-11-16,2024-06-30,8.3,14.33,821.45,7493.62,1675.58,True,True,True,https://github.com/example/repo/pull/310,33,7,15,10,9
38,8979,ISSUE-38,https://issues.example.com/ISSUE-38,ctghUbRsVzPtCcw,lJwgtdLuREglyaugTpexZAddyJNMGXEkMsXKtvrONChPeiQKQU,wSHmLzEdbKkLwAJXhexqHhPuEHTQQsPoCJnEyfYpgrwLjtsSTXXGDzqXQlJPmUqrHkPMTfZpLKvqmwCuVhtQEadCCIRIDdVzGFxi,TwVUNMwCKlqJmEAsJUrC,Bug,Critical,Resolved,Incomplete,2021-02-28,2023-05-11,2023-06-17,2024-05-27,2.6,55.24,580.95,736.34,5898.61,True,False,False,https://github.com/example/repo/pull/879,28,45,2,10,1
39,4144,ISSUE-39,https://issues.example.com/ISSUE-39,lfXsDKHqfjYsdll,TCzmzUSGgkBZeFsebDFSVHDNlJRYfMvuDQlHbZtOiaGtEMCaEo,NcTTQJNbuwxkFcUbMvuAcxdNEpohvwIYSAERDerbxNFzqKXieWchkSuTLoNncgHCCAIGdeyRGwNfBPxduTUVSHIJUekUYLAnjLps,NyDncnLoypxPoEhNbVfc,Story,Medium,Open,Duplicate,2022-04-12,2023-01-18,2023-11-20,2024-12-11,10.5,66.8,600.57,7048.42,4477.91,True,True,False,https://github.com/example/repo/pull/176,25,11,11,5,9
40,2456,ISSUE-40,https://issues.example.com/ISSUE-40,QKuuvhucLpdEqbQ,PJeAYjSzOxapxqHroTXMHtfraluesAgcnYXTaJkZPQwawmMzHm,dVfACGEXuJZIoGPllyLuIRJjseOpExQYZdjZnNzgHiWIzvsmnHlPWrGuawuJVWBlJhRykkGBvtSZcxDdMaJEURrbvzSsdacPBffq,HvoPyerngHAZGvmLOiov,Task,Critical,In Progress,Incomplete,2021-10-28,2023-01-08,2023-12-19,2024-09-27,6.8,66.11,980.78,4518.56,6447.86,True,True,False,https://github.com/example/repo/pull/79,19,9,6,2,6
41,7479,ISSUE-41,https://issues.example.com/ISSUE-41,MEzoWDHquRCRckP,gZkDDIzKVVMGDCZGEzBAMJoyDtABZlexuBgeccyKeKJxmkViUc,vVpciKzDYzZZPfYeECoubgfmPgmSmEqQCIArXwRLqDqWfnFMAbHLqSthEBXVcsPetaGFHbNWNbtzNTXSwcftuYdmalXhFrQvtyWK,OUbFOYhlfzADrzDBEeDG,Story,Low,Resolved,Incomplete,2021-01-10,2023-03-13,2023-10-11,2024-09-19,5.5,9.38,810.35,7760.57,8165.07,False,False,False,https://github.com/example/repo/pull/2,15,30,7,8,2
42,2981,ISSUE-42,https://issues.example.com/ISSUE-42,qusEDDQjWLsKWLi,qSfzqNyjVTFGOrTQhVFtRNZlqhobisrqGAIinEqVQSelqngCzq,uybBoCEwPDeAiQoCoIDylHiyezxNJLdkIjKqnApGnsKYLewlmHJUOmCOSbYFTQbcTELtBOmdMMoDKDiKbdqoPzxUWufVdZAmZxZl,wpSwkaOxmPeUyNErEqst,Story,High,In Progress,Fixed,2022-06-02,2023-03-11,2023-10-01,2024-02-04,8.8,82.27,46.62,4564.37,1774.04,True,True,False,https://github.com/example/repo/pull/735,48,7,40,19,4
43,2202,ISSUE-43,https://issues.example.com/ISSUE-43,kpOLfPFZrAdGhmt,DuEaJhmGNjVgZCzuRFEnasChQWKSYNpPkOgUKxSHslARXQXBwS,MGAAgpymUIWqbJnuuwnamAXPenpgIoeJIYKoTjPXcXKfZydZeCluTeDnSVAgCYunzheeKwCwupnDLyCxTdOnOngAHIWuGVZpWmTn,pCRDDMwEsvAUYxKEkcYh,Task,Medium,In Progress,Incomplete,2021-04-21,2023-03-02,2023-08-12,2024-01-15,6.1,3.06,202.06,6887.06,4414.92,True,False,True,https://github.com/example/repo/pull/762,23,43,40,1,6
44,1163,ISSUE-44,https://issues.example.com/ISSUE-44,quVVisGUcRdjFVK,wJhHLrdBcmhSbeyafMqgNVJCYibLuhOBqgBygeOpWgEXTcTWfD,rHAjYWKIzscjmNmvbVwFdFwtXskkKizdmCEfnfygqGgFczAlJGkAJfzwlKsmAxWxBPcHDjDgUHzUIDsOAlHmttIkahIcWmQLZHQm,DFLYTOPvhOvnHZEVWeXM,Bug,Medium,Open,Duplicate,2021-12-31,2023-02-17,2023-07-13,2024-03-04,11.0,50.47,267.85,5118.46,1530.79,True,False,False,https://github.com/example/repo/pull/207,18,7,5,9,3
45,3757,ISSUE-45,https://issues.example.com/ISSUE-45,GfxLwewSrBGwgCU,PuQHWFbgngFVsaoLcuPGRLoikZJTqToDElzDDkrEtsTOtNQPaC,DfJneiAtKhXLTzhWqcyBiSGjHltIqSRpcFTdJxHCGhaqbuxBPTXRWPnGkRdUUikBsyvpflfVqlqppJUWFCSdxiFmxmXmuRHddPvW,DHhrIRtRYSGxzVpTsgUB,Story,Medium,Open,Incomplete,2022-02-11,2023-04-21,2023-06-24,2024-06-16,10.1,14.75,606.05,6660.26,7586.82,False,False,False,https://github.com/example/repo/pull/886,48,35,31,19,9
46,8454,ISSUE-46,https://issues.example.com/ISSUE-46,AGilSxfyODVhgHA,gSOAMPUTSyRSKfPJXeDjujxjnQehWqvMqKTfBAbYofeXSnBrHv,lIgSbgVnKcfWGKnqrHIqhmfYFNVbozDpdUKNAhjPIqhnXVeShfZOvnAMDsgQtbrXgJtxDRHTjnOGpUVmcKkUyWVwYfztdNtYGwuf,jqIkBuWoktCMWEaSZdCd,Bug,High,Open,Won't Fix,2021-12-09,2023-04-22,2023-10-26,2024-08-10,9.6,17.62,180.61,5011.95,1507.01,False,True,True,https://github.com/example/repo/pull/957,24,36,32,18,3
47,7779,ISSUE-47,https://issues.example.com/ISSUE-47,ycvXDmWhVXlykKw,zLgwNoXLHDgwQUERmHQyXNieFfAvaNokpblWiNwaiOYOBJmPko,AtySMjWbjeqIJTWoHsfzkRlUgwbimdEXinFNpUQuUFUOilkloSARCwnShYbqFvnJFKUZJlALYkgLcvhfnINgbQgKGQPZrWqwTBPl,gDrQNmcqVqFzeTnezNrx,Bug,Medium,Open,Incomplete,2021-08-23,2023-01-25,2023-07-30,2024-07-15,10.2,61.37,820.45,853.02,9997.93,False,False,False,https://github.com/example/repo/pull/602,22,5,11,11,3
48,4993,ISSUE-48,https://issues.example.com/ISSUE-48,KeBwUZUDjWlCWub,gENsfMuCxsddDKatzgmNdHqotQXbkygziFDTThyFSdSBBONymj,rTAFBYwbpsvbBjqcEALylMMtMBLMiixUDJsVBKoinFEYEiHmXtTEVslbstzrpvKBUwlgEpCzQUKOBlCUggbFQyZXXXoUKNWJAhFN,BlAqsRXpkCUGlfwnVUKc,Story,Medium,In Progress,Duplicate,2021-07-08,2023-05-28,2023-12-25,2024-10-24,4.4,10.36,817.13,3774.28,7127.4,False,True,True,https://github.com/example/repo/pull/480,27,6,40,4,6
49,7454,ISSUE-49,https://issues.example.com/ISSUE-49,stMEmTbQSlgTRio,yGivGbVhYPdkOnjgKkcDKVPfwRVqtljydqxNVkSQJLXyOOdsau,HtHTcsWbnPEAiKsBKBWcKSMieqcwyYcEUtbTIntwymMTSUzZbhtqchqjktlmDWwqnaQCePCDUkRuFnvUGoCgVolwChxyClguwuma,blYjYYNNMLYGINAupDsq,Story,Medium,Resolved,Fixed,2022-06-26,2023-05-07,2023-09-13,2024-12-14,9.6,63.2,478.45,9146.39,5437.08,True,True,True,https://github.com/example/repo/pull/940,3,33,44,12,5
50,3834,ISSUE-50,https://issues.example.com/ISSUE-50,nLrXvYGDlRLlLgx,AHTLDVBdzMiRkcxtDyfnzspcfyJZwcWbMSViajQsJgFoyZigxU,OjDppAfTwmVpFdRMHsCjdQFTSOyHRuwZRACXuMlsWErVwptMwOdGpHaMWXsaddvxtOUkUcxfxIrIrCxxYcAzQWDKoqMSRnOgASlJ,iDkxcjFMTJLKgNEuIWNN,Task,Critical,Open,Fixed,2021-07-26,2023-02-14,2023-09-26,2024-03-16,8.1,55.89,775.48,2337.66,979.26,True,True,False,https://github.com/example/repo/pull/540,30,15,30,3,7
51,2575,ISSUE-51,https://issues.example.com/ISSUE-51,OLqiSjyekFJjNVN,xyAsGQAVLOwFBBptQAnaBEiARPflfsLCVuavXvyGuRMtDWXUuk,DJPiWnwVIZgLWaJdqMTPuaNCRgqLBktKvJrjSXCelPQVnTlfiZVRhJNtscHHLqAINAvgJWAVDtmUHWTxXPMMZDlSqJCNdffqwhWb,yEMwvVWywkWGhlUffYgg,Story,Critical,Resolved,Fixed,2021-12-03,2023-02-24,2023-12-11,2024-07-22,1.8,88.23,812.72,3367.41,5768.21,False,True,False,https://github.com/example/repo/pull/920,19,46,48,15,2
52,7032,ISSUE-52,https://issues.example.com/ISSUE-52,mwMvopuFyMrFElb,xIyVjkYqGBPxGGKMlLNmVyeOLTXiWqKIFLtkQQjcoaJYEARgdZ,kyVYBnIiiSbrRlzwqSHjQwlKFdYvYxxVitYpKkbcDsLdjliOYsMFRGxRUaeKETwihitGpqcgISlZKEsGDAxcvNrPvUIWKPiDGnAg,yHMcciwijQxQITAHzncv,Story,Medium,Open,Duplicate,2021-05-12,2023-05-13,2023-06-15,2024-02-04,12.5,25.48,597.84,9370.55,8228.3,False,True,False,https://github.com/example/repo/pull/397,3,26,9,9,4
53,2548,ISSUE-53,https://issues.example.com/ISSUE-53,EEVfvqQmfOyxrob,iRdrgrQHVZFLPkYeuAfZKhAfEQzpxHIyHcGItIcqTrUntzpAan,YcHhxookrUjFOzDJpBbGpGUxPfuYYltOexpYfHvhiPJcYQfuVHyjXyVCVMFZEiZTifYTObyBJJhwmhseIEddngywbnyzRFKBwwgd,mkOhWaoowzjtFRtgDIoI,Story,Critical,Resolved,Incomplete,2022-05-31,2023-01-07,2023-07-01,2024-10-09,9.9,78.1,761.92,5148.84,1858.11,True,False,False,https://github.com/example/repo/pull/246,32,7,48,5,9
54,8915,ISSUE-54,https://issues.example.com/ISSUE-54,vkaIcFFaGOMBiWz,SySccTrASvvojgrvFlUInuKzwFmpiIKUfIZjCwnweBbpCAYhdb,BQMPTjablLykswOiYJbwLiiWpUMMRscmCFpfjGfWBPdcaHyDCFDFFwIIQYkwUPocDBBEykTIbgEAfcjEsDUGhkeFmHikJDMxZRUv,GhlKYXznXnyKxzsfsOqA,Bug,Critical,Open,Cannot Reproduce,2021-08-24,2023-01-12,2023-06-19,2024-10-22,5.9,50.78,975.76,1055.19,7514.74,True,True,False,https://github.com/example/repo/pull/673,45,30,7,10,5
55,9962,ISSUE-55,https://issues.example.com/ISSUE-55,YzXhdyrgWZLsbXX,otXLKlDZgdPGXwTlZHkMgUGRvbJIATwiALcqfJBvRskbyfGMXv,XSHALUZKHFIGTrDFLvQphTjHxAAWLbzaIRKdHOaknluuLjVdyjSqSItOpAzmlUWWCGYaMUWdlzFYsFoCrcaqzrkbXAjQNSdSADfu,QbcgOkGwZYcXGDuRgPxR,Story,Critical,Open,Fixed,2022-04-01,2023-03-24,2023-11-25,2024-04-17,8.7,46.03,457.51,7494.42,4791.57,True,True,True,https://github.com/example/repo/pull/915,34,43,35,4,1
56,6852,ISSUE-56,https://issues.example.com/ISSUE-56,FmKTqhrxHXWDDZF,SpvYAFZQtpIYvAFLbRbAmIytjPWKrhQUxRpxYmNOlgTwXVllxK,nzUfOAYqdoAUADeyPQcFBNYSFBmOgclKKEDCxrFdyYoTaCxpwfhOjbbRbQhurYdgqkHRAYZHcQPAFrDpBPdnZAAjUpwSCpGYONzP,yIyekASxAfoBmrQrDpLj,Task,Critical,In Progress,Won't Fix,2022-07-19,2023-01-02,2023-06-23,2024-07-12,12.1,81.68,718.57,359.26,3396.51,False,False,True,https://github.com/example/repo/pull/11,1,35,3,17,8
57,9709,ISSUE-57,https://issues.example.com/ISSUE-57,NEwqXvIkFPSIGKk,aUGDdwUqCIvPPtTFiNIvfpeNROzEwHLdwZbuLcyvAAqSkAqXYH,TcSZLiKpYLVcyubheYfOsTCmKHyrczsHYqxqgehuPYoocSEsroGfDOBgZoOuZFpoDIXIpfbVOxNEEJPUrOzEUZOwmLRrYXQTApph,GGQCRrMEChmiCgNqdgUq,Story,Critical,Closed,Fixed,2021-02-19,2023-05-09,2023-08-08,2024-03-24,1.1,70.52,430.89,2590.75,2813.24,True,False,True,https://github.com/example/repo/pull/139,49,22,49,13,4
58,7368,ISSUE-58,https://issues.example.com/ISSUE-58,RxocyiKDGXkZTdQ,ChCMPPYJtGEIBkdNnCfakfHGxRfoWrQqDNDIkeUBcjNmfamLwO,PxKhmSrpOxJEegzYdOqlDYAiVpfiQgiuwquTVxplcKBoJEqgCBwnhvijCuTQinJCnIeGIujNAgKTAgkIsqcREBDzcGZbKcEmqLLp,GltBZgPTbOvdJkXMFAsu,Bug,Low,Resolved,Cannot Reproduce,2022-05-08,2023-02-02,2023-11-20,2024-04-20,4.9,88.59,697.26,7141.49,1987.93,True,True,True,https://github.com/example/repo/pull/661,36,44,31,5,7
59,8912,ISSUE-59,https://issues.example.com/ISSUE-59,qTyvHrkcyEywZCM,wCVTqFKhzWdyAMYpHDJHAHUVYuxQSqKPbYKjXliUDFcTLDvUpT,RZwoBwjJvlCiLXLulJKgygxjFCNdXdGAIDgXZJqPWyIXhefkxbqjBgZugKvufyTubImTeRAOfVLxhKjvazRPZXtreggwqMffKFme,JBRjSCUEoyaEEDyyPXoD,Task,Medium,Open,Fixed,2021-04-09,2023-05-10,2023-11-13,2024-11-06,7.3,89.78,228.07,2620.74,6085.18,False,False,False,https://github.com/example/repo/pull/827,22,36,42,10,8
60,9718,ISSUE-60,https://issues.example.com/ISSUE-60,YmzMOSswISiKigR,xrXcrGFpSWxFqLhsEKwHdLXKZtcbjSjqBOVFYKWQrXmWvlXhcA,wJrxNVWYMCnxLlFoiPCbXpMqopnBIaPOcNzNyAXfFBHkyRiiThBGuwnpksBxechevxgkhqcpEEqpBMMRZhVgfTVLgPuRTvFfoGRI,MGncMkMfAtkieFTTibzN,Bug,Low,In Progress,Cannot Reproduce,2022-08-19,2023-04-10,2023-06-16,2024-12-31,11.8,24.1,299.46,5322.38,8078.66,False,False,True,https://github.com/example/repo/pull/120,40,8,21,18,2
61,1980,ISSUE-61,https://issues.example.com/ISSUE-61,TjGGpjPOWNuVLfd,uSPXvcuOceuvZLumXttddqkXmvSLDvPodTdMZdICmmigclHPDs,GKOTVmsqJRVvWEdWEfCidXoUKJXJfDTQJFQXHmGrDAozKaKraMKqpdAULJQCrjNNUbrcHjNVLYmjkqfDqHhDvQnGIOhnZZSVxkKn,xNgGeymLoWOTKOgBlUyv,Story,Low,Open,Won't Fix,2022-08-24,2023-04-28,2023-09-23,2024-12-13,8.6,26.82,916.68,4685.89,1197.12,True,True,False,https://github.com/example/repo/pull/950,29,45,12,1,8
62,3467,ISSUE-62,https://issues.example.com/ISSUE-62,YZaAhNiiERxOQCP,GCukWqlWjKygyauUsavAAwfTEPCptlfPtWYmdgtXvxZyQaGOJy,BATVbRQjsyfCRYOdUasuWjyRLzCsLjYGorBsGuMHXbQMzdMOBbadmCeXPsOQSSzcGhCAvVNPffepRAsRtDNWwWskFgHWuPqjptFf,OKWfiOJTRGpknkUOpwQy,Story,Critical,In Progress,Duplicate,2021-05-07,2023-04-23,2023-11-09,2024-08-12,10.5,33.38,33.92,5027.95,8335.43,False,True,True,https://github.com/example/repo/pull/889,34,5,45,2,10
63,8842,ISSUE-63,https://issues.example.com/ISSUE-63,ebEVzpmFeFMeTTQ,NAILpAphfuiJRiKHJRvqTzbzGwrDLZgHGLYAXSnOTROAsWaAEo,uhCcxlQbbTadOCloXVzZhzdjzklHVgltGPKgLQZEmnbaMcYilRXyAogIzEdDkKpAQGWpKEDoGGMVvOYKnpqicJqZxepDdXDEDlrR,kiqjFXfIAjtBxLdGwjlY,Story,Critical,In Progress,Incomplete,2021-06-24,2023-05-13,2023-12-28,2024-06-06,9.7,90.76,732.42,2794.53,9455.36,True,True,False,https://github.com/example/repo/pull/810,7,13,41,5,10
64,1666,ISSUE-64,https://issues.example.com/ISSUE-64,mUROcKxhulfFerB,dDrTqogufuXvYgFasCTRvJhcBaajMZjnLhwggcQoMoXIRTKnuQ,cLqXGUdFKLEGVhcGZWjnYaEzTIlBBrJZkqaRoWuWevBpJTFfyawBtaVzGUEmFvsjcfREKVOlfHKABhUtqpXLKxuSHauURQuOGxdU,omCPikwwbKCsNoNzxQvr,Bug,Low,In Progress,Duplicate,2021-02-25,2023-05-14,2023-10-12,2024-04-29,4.5,13.66,47.23,1131.96,3422.75,True,True,True,https://github.com/example/repo/pull/845,31,1,39,3,9
65,6776,ISSUE-65,https://issues.example.com/ISSUE-65,UWHRKppNBxpsaIH,DPvWxWuWqdTNvwpdFaBWeJvkSDiLPFcfztLdtLmgDaYvllVcAO,gInADlCrctvqdPQwLEiudUtfhstJiRBnltotBEtnCYIHCUxlMcJtUNFAfTyeubEiSTKZJgbXXSsSYhrBnkaiQIgedOrhIgCllmxy,UhOgowdhBpZbXegmWHYa,Bug,Critical,Open,Fixed,2021-01-06,2023-02-27,2023-08-04,2024-07-21,4.5,22.92,306.94,3443.84,9627.78,False,False,True,https://github.com/example/repo/pull/592,18,6,26,15,9
66,1466,ISSUE-66,https://issues.example.com/ISSUE-66,vxbqSwVzctFMpMc,SofzncXJNTyRdQWDtwvmPxNwwlXVrvzDHsYxNANPOdEjivcjgG,kzSCPazfRTLVGGookwzNnZpBSxLTrHjauFVqesoZyXbkGxSiFIYPStYZTwTQfmbYZHPkYaENjOUlwUXTcSrcuVviSZfDhJjlhSTT,BtANtEMqfkAjTbXMqWxZ,Task,High,Closed,Cannot Reproduce,2021-09-29,2023-04-23,2023-08-16,2024-03-27,10.6,91.45,61.66,9942.93,8172.78,False,False,True,https://github.com/example/repo/pull/599,44,17,16,10,6
67,1464,ISSUE-67,https://issues.example.com/ISSUE-67,yEIufhEIdcSjzFh,SYhPvzvfWWRSMumbaHBwsjBYWmTGHIhPxcPLShEwpMtEBfKogS,JVkCnKFsmYBesHHIaZgDTWjDHUmmZaAEtFFCnIoNCGwgZwpYQCbBqADWdVBcuqNbZmTULSTsdwzENiapRZNArbdPBAkkInIbLOcg,NBsqlgmVXmGwnrrxPMNw,Task,Critical,Open,Incomplete,2022-08-30,2023-03-06,2023-07-02,2024-02-06,8.6,28.14,699.08,4468.13,5564.4,False,False,True,https://github.com/example/repo/pull/994,14,41,29,8,10
68,4591,ISSUE-68,https://issues.example.com/ISSUE-68,jFIpAdTdYLNStzI,kNEaZUSYeJzdXnefpuCtUFECgOQKqKxQOIlTgoGCMWepJnqkjP,LWjhGdafUgrtebPmmmSXcyJSACMlxOPYGTKDHiYACWIEsXWHUyCCrcaaDxVtzYADmUdBNDwWjfaRlIzfOiuteqpXpxqBzgMpQCVL,weYptzgBiEnShcTpkFfh,Bug,Medium,Open,Cannot Reproduce,2021-12-20,2023-01-31,2023-10-12,2024-04-01,10.4,41.77,258.81,9804.66,636.47,False,False,False,https://github.com/example/repo/pull/607,28,32,23,4,2
69,5459,ISSUE-69,https://issues.example.com/ISSUE-69,UeamyTkqpMYfPED,kvZTXTScZweUQhyWPFTXxtkmjPuDyQpcbgoXxaFXjdFzWgrJrF,rXugvNNtemCEsmEJRHIeuOwMLtybCGYDjyleYnFnvUiEJKIfHXysfbhWuybMuWISWArBYtLGeBpRFQYoiHQmedpuKRCUcLpryFuA,blmsozkuukycvHCwEttU,Story,High,Open,Cannot Reproduce,2021-12-16,2023-05-05,2023-07-18,2024-06-07,6.1,70.51,839.17,1418.97,5014.17,True,False,False,https://github.com/example/repo/pull/191,35,2,39,7,2
70,2026,ISSUE-70,https://issues.example.com/ISSUE-70,ZwxdhIUXbBwHcgQ,XYSTvwmuetkfRsJlcHMvQnMVsFPfUPcrQNYCswLKuWrXzALAGk,mIzAuNGMFjYQVNBxmXcuHCLXWEQuOFMuUEmtKDcaHDOLXIgNCZNVfOjlIYlFBTtFzNTbvFzQerDLnGkkzDpnxhdWMjTYLcbrAgDu,qSUasLBSyLoWeyBCDNOz,Bug,High,In Progress,Duplicate,2021-06-29,2023-01-16,2023-09-23,2024-07-30,11.5,44.67,637.22,4597.94,3443.05,True,False,False,https://github.com/example/repo/pull/12,36,34,46,12,9
71,6455,ISSUE-71,https://issues.example.com/ISSUE-71,prJSFsVaNgOyROi,nsOrGevDMngtnXkjnbPMHkMBnAXwrXTdFICzpJcuaNLswrKKpU,nGydIZArVZbPKmvFjFGNvcjLzudxHUrgjdafmgGmmjnHqPjRviChJtANczoVESodchrwezaXxasLjvNmFcXYdAeFCFgKcNcKoUog,fnpaXGCKxoeUIxQBIQaN,Task,Medium,Closed,Fixed,2022-08-25,2023-03-08,2023-06-13,2024-11-28,3.4,79.53,528.22,3162.97,9019.34,False,True,False,https://github.com/example/repo/pull/773,45,36,33,8,3
72,1459,ISSUE-72,https://issues.example.com/ISSUE-72,qrXGDyGxvndvphi,GbzRPBonchTdcqlqvGNlEZpTTZEMJLeNYhWEZdiOxBFKylYpNz,QTaVsJqgcEVlDnMbmUhPLBuvfJVvEpdbBSAXbJYpCjptQzbdtFGXRzBNvPVGHuzkDzKkWRUcunXEeQsdsjYwvWUdVsDSdrekAgNP,XUPXMntgdlqhaxzKRRPx,Bug,Critical,In Progress,Incomplete,2022-03-20,2023-03-21,2023-10-09,2024-05-14,8.7,85.88,922.43,6179.24,6237.62,False,True,False,https://github.com/example/repo/pull/322,40,28,48,10,7
73,1647,ISSUE-73,https://issues.example.com/ISSUE-73,jDsLSkdCJvUbaEz,LENrMMMwUViJJFWfUoFGCmbmJiLrTMfurYvvSlnojyeiPwLtpx,JeMjstgwRjnrbGSSaOrgeHcfMitWGLnwhAOIBbnQEhFIwsdBMrWrKbHVczuJePyTeQYTQDdWdwBwceVJaOMEbGLruxMMCgAkScNt,fQuwLtOMgMNbAIdkSAyL,Story,Medium,Resolved,Duplicate,2021-10-02,2023-05-06,2023-07-10,2024-08-30,1.0,99.57,832.5,9965.84,7011.24,True,False,False,https://github.com/example/repo/pull/209,18,11,27,14,3
74,3592,ISSUE-74,https://issues.example.com/ISSUE-74,ZgediLOqWjEtOgV,cvknOLqoXeEZlwyxKZfqCftBmuffjaRfqoUDXBrcBmpgnjiHOX,BcziaimQbjWzsXaCsnhnYAPkPnHwIoAJnUWqMbgzCgsPgBYvjWzLEBozuURLiDMAXuFUrwxrHVpATUOacoTnOqZndPlCJExMLZay,ERvzBuDEbTmEvCIhBKXl,Story,High,Open,Won't Fix,2022-05-20,2023-05-13,2023-07-20,2024-10-14,6.0,68.69,540.02,4513.04,5722.25,False,False,True,https://github.com/example/repo/pull/552,26,15,5,5,6
75,1844,ISSUE-75,https://issues.example.com/ISSUE-75,OYXTNhkZOfNojDI,UEdnIwQILlFvszcXsfcVdaAsWpxUWtkwxOniGUrGOtgEVjxAmw,IrbjSKUSeOwuqWbBBLPfQtZuKMGOzhVAvUENMgLaSiLXeDTRNOfItFOzPHMeGgrQMhyTqzqPoZZLndgHozGpHyRcgnbjOYhUWebF,FKtUEEybHBanJaIIZCPS,Bug,Medium,Closed,Cannot Reproduce,2022-01-23,2023-04-29,2023-11-04,2025-01-01,1.2,21.24,102.3,6662.51,9263.44,True,True,False,https://github.com/example/repo/pull/793,40,23,15,17,10
76,7485,ISSUE-76,https://issues.example.com/ISSUE-76,GIpTougITYmEeip,mIewFRdVwbJGgkqThwoPEMVEYtFgCAVNrBzXKuzDEmBdZMRDSK,BaUFBAcLlaNRkIgCKgNocIVmvtGJeuqHtMIJVEIBrXLUcbYYhwBLrHlNBPQazTKHIsbYVASLbdJqSfwIOoACIGBPnljbbZSveEPh,fGZSieuPsduNdmJTVILK,Bug,Low,Open,Cannot Reproduce,2022-07-08,2023-02-04,2023-12-06,2024-01-10,5.6,15.32,23.64,6599.94,8839.1,True,True,False,https://github.com/example/repo/pull/969,41,42,3,2,6
77,7835,ISSUE-77,https://issues.example.com/ISSUE-77,lMVsoNzymtMhThg,oaazMdIFKDtTfOwuOGajbmJtHUpBcUZGZJvWOyGpgVoqGNRErX,WalbuJHcXmlFbCfogNCWLrtNQybLDFuaYibemgchpyAJmYcgoabtrGtyqSfqICrRymMEjDGcyzMRopKTqABBaxNCCrjhTmimqzoj,tbDdOvWUTrRxxbIYOXYt,Task,Low,In Progress,Cannot Reproduce,2021-10-11,2023-04-18,2023-07-06,2024-12-28,9.0,70.21,846.32,9205.16,9122.66,False,True,True,https://github.com/example/repo/pull/134,2,41,2,10,9
78,3481,ISSUE-78,https://issues.example.com/ISSUE-78,ynfYQUcozXnaoqP,uXoPaoLiSYEcjuWDuwHSqoRUcfnhZMjPnpobAdtoOgTRegjNdT,zdldiwWxZdyXFZfwCtVPSkIjnDBZeMZbPpuJsNGFBcZwkzrhFlEcORtyrVvcPEzGUMHDnyfeRYrRSHoTtypfrCJIuSKrgOpytZtu,oDVUGKDPkXCKJHHkylSE,Task,Critical,In Progress,Cannot Reproduce,2022-07-25,2023-03-17,2023-11-10,2024-08-01,8.7,11.73,779.83,1905.12,413.4,True,False,True,https://github.com/example/repo/pull/666,32,43,17,4,5
79,7469,ISSUE-79,https://issues.example.com/ISSUE-79,zbTgPNQCCyNlIOt,UXBMYqrrHaZeWjHomdhhJQEaOcwTENrDgRgTFvekyaoWVQoSqs,elkuFMIPCIWQysUsgiqdoxSBuFPpKeCafdbrsMvjVkpvTIkbJIyuRRYVudgzlcgSDNLRCsVIpXkEMAHKsPjBElcnZQYsrsBSTnrT,qCrcnEJOHGduCgTvGsOv,Task,Critical,Closed,Won't Fix,2022-02-09,2023-03-24,2023-12-08,2024-02-17,5.4,49.2,37.22,2400.47,5527.87,True,True,False,https://github.com/example/repo/pull/844,26,1,17,4,10
80,8917,ISSUE-80,https://issues.example.com/ISSUE-80,yRaEmTkAUttOMWH,sCpKNKCsFsSAkUptCMhgWIkybfZnNJpRmjYvkqxWFjPJjeEgLP,REjFiJHvOQhhaCIBdfYQCUVClFOOFCfmTqnqwhIAkroVGMLREDLzOdsdHXqhNDAHuBCeeeGaxMfJqUTgPRucUwDFNwhJLZACcNaE,ofsAUBzFSSqOPiTlBEff,Bug,Low,Open,Cannot Reproduce,2021-11-07,2023-03-17,2023-07-10,2024-07-06,3.0,75.78,74.03,2212.94,7694.18,True,True,True,https://github.com/example/repo/pull/47,19,38,25,3,9
81,8118,ISSUE-81,https://issues.example.com/ISSUE-81,IoBmXnuNzItBuuh,tCQLrrkBgKBdNoclhuGpuhlPIDniHmYGCNRWcBiuGXpPxPBUXv,bLhGYzLjrRiyIheGEYTKGMTIbGaCpBasTXpvImInxuouiWFJTNlyJCRAMUusvlYhCaiMbcNnBHixSCsoTiBmdDrAkTufEMWGFcFP,FQqOwkenoHHiWlPBlHSr,Story,High,Closed,Incomplete,2022-02-12,2023-03-10,2023-07-03,2024-02-10,12.3,13.16,469.82,7881.88,8311.49,False,False,False,https://github.com/example/repo/pull/624,33,39,11,3,8
82,5688,ISSUE-82,https://issues.example.com/ISSUE-82,TFTCqWlGwzsgFqq,RQDlrEdyCEQUydCjQlyZReQSniKjaSCFDpkWnUsKTtvPpelHOu,ODYEnheJzyLgOeJgZQhPDnayomYFNBwCsEFNGfvIdJJGUgiglPdzfskapaZncdnjnqcKHMMCbZZxtQyZniFOnZtFfwPfIbFhwfGF,MarapJGHEdeFMokeAXgr,Task,Low,Resolved,Fixed,2021-03-31,2023-02-17,2023-09-19,2024-02-03,10.8,85.83,100.35,6239.9,1985.11,True,False,True,https://github.com/example/repo/pull/63,50,29,36,11,2
83,9364,ISSUE-83,https://issues.example.com/ISSUE-83,VZfmVgzbgcdeseO,vKixddwqwhRtKuDntgEHmquqAAdpgUTwULtvOyKhzZIUooKGQp,bQCmYITqvPepUpqDoplkHFYZWGophEYAuCgVbFlKFyFKmAeXndgXUNjJMMPpqonsXVPKEeeFvAzckWcTtqJqiBPrjRlrhbzUxjEL,LujxeBnDjplYnkVbnMDm,Task,Medium,In Progress,Incomplete,2022-12-13,2023-02-10,2023-12-07,2024-07-06,5.7,43.64,55.56,1240.02,7500.1,False,False,False,https://github.com/example/repo/pull/654,9,25,20,12,7
84,8203,ISSUE-84,https://issues.example.com/ISSUE-84,ZOcYtRYvNOaiABA,lWRLfUxPEFlSpblCNiLdXpHfqOcQtJshKpqZXJIkODxNJopMGK,xjgyPypQPuevoikcbJGuJQeLBXHGQCWtgXIuTsWaJKZlTCzFIfkvuFaIetJXtjrKuFnVVxhhJTiABsyhxLxXDffoYjsynfewlOEj,YSmjeJPPahCqTUxnbnMP,Bug,Medium,Resolved,Won't Fix,2022-08-29,2023-02-08,2023-09-27,2024-03-08,11.0,27.45,55.58,9013.18,9326.9,True,True,False,https://github.com/example/repo/pull/589,1,50,23,16,7
85,3153,ISSUE-85,https://issues.example.com/ISSUE-85,AiUKnysHwtslAep,oaXTViHldPKRMvQDgPEezBhieQLgxjZjikaKrYQzXWLMngBgWf,nhPUvVFvnDQPbwKnwCXVrJdGxBbcnXDNyUasAxBNvcaggIxAGqaNUaUyqiEdElXQnBdTAPjNECjavkSTSexjonPwtYWwLmFLmcPw,JOfjyYfeTaesRnLXfYuH,Bug,Medium,Open,Won't Fix,2022-03-31,2023-05-19,2023-12-01,2024-01-28,6.1,21.93,518.79,8049.49,6320.44,False,True,True,https://github.com/example/repo/pull/448,12,41,15,15,8
86,5473,ISSUE-86,https://issues.example.com/ISSUE-86,ZNstsLXpGTHJwCu,WIhZhKQhYYZKxxrbcsUGtCTTvKltasljtnLDOYVLKKCRTppIwa,IlFOQWsfzWyXzQpHBHvyylfjLOHdWdzxIpHSGJLjMysCemyyoUlzWFbwLIiLiKTvVPYrtKThgwENGEQRNXkboogdobgujknnQfuY,iFXoelFbGxrsCgKAwxIS,Task,High,Open,Duplicate,2021-03-08,2023-03-04,2023-09-28,2024-10-12,7.9,57.07,926.77,8334.57,3684.18,True,True,False,https://github.com/example/repo/pull/765,33,35,15,13,10
87,3522,ISSUE-87,https://issues.example.com/ISSUE-87,oGeXclUFFYjUFqo,bLbahPkHwqHhlqlFqkILYSPdBjHujPdZcntihYcMjNAoFbQpAm,HggrQNuibBtCBpsTyjmoXKPdjyAGxBzJAnzVAXvLMRqYrFKDkfFTqZNVStASqwHEGbfqneiSLSVtKkiQYMJRKGtUujZPxkZNlFAO,nwbLBFiVyydRvgkruUDc,Bug,Low,In Progress,Fixed,2021-07-02,2023-03-02,2023-07-03,2024-09-14,10.7,56.85,900.26,8289.16,6996.0,True,False,True,https://github.com/example/repo/pull/122,4,20,19,19,1
88,5618,ISSUE-88,https://issues.example.com/ISSUE-88,fXKPwypOvWKhEIj,YcQaBfuuQkiUkXNZkGMswigFHAovRpOmqwGUDnxLqnRSspGEur,KmWHoXwRuwSLeAwJLTbIsDMSMwsXSbFBVjHLMaaxFIEmkpQXEePeOGSWWCDLhvsllUSMqiClrxFvFWWKPEvqrukRolYJDmVPoDVS,wDBayZwPqKoSPsokDvMn,Bug,Low,Resolved,Incomplete,2022-04-02,2023-01-03,2023-11-16,2024-10-20,12.5,20.04,11.11,4558.05,2838.14,True,False,True,https://github.com/example/repo/pull/115,20,25,45,10,4
89,5211,ISSUE-89,https://issues.example.com/ISSUE-89,CyjqSZwpmzMnGtM,LMIHLmhyEYLLMKnFrQDhjBcbriCyqfGNmhoiaynWeWFXoNZhIT,hXJZHZihDjoarDHFgZfnOOmNVUCOhbefZBaSMWNxyHokvqYGCrVCboPXvXWavaiBdIABDtigWYvGHFrvQbtnYrdxXLErsQOzgJiw,hmiIJUkzvJMGBqcPtpJb,Story,Medium,Closed,Won't Fix,2022-05-14,2023-01-27,2023-06-16,2024-05-21,8.9,67.63,556.3,8044.72,5415.07,True,True,True,https://github.com/example/repo/pull/784,45,46,24,19,7
90,5324,ISSUE-90,https://issues.example.com/ISSUE-90,nAHZNBwVZqGOFmP,GmQvKbtrSmZmfFkXWwrNMKKrjKWdvbEZhKSmmYLJKsYrQFwfBa,lSaBdGhSmPURWmBeKKTWirwcRVICsYURGOEVPsIzDWyZrhgjWRYlUYBDhwgKdYDDGyxMeoGVegocPyDwtKfRIiZAePYElTiCxofZ,atuEQCSnCAsoihoPDJrW,Bug,Critical,Closed,Fixed,2022-01-27,2023-03-14,2023-09-12,2024-10-12,6.3,26.78,617.36,6366.99,3292.68,True,False,True,https://github.com/example/repo/pull/876,50,31,23,1,10
91,8624,ISSUE-91,https://issues.example.com/ISSUE-91,pbdcYrHBQwFFjit,ZVfvmNTuOQCbARfDtNPscGmjMusjNouZAHnRnFdIITrbABvUAE,VirBkwfDfPaVSyspRHVeWjjQjCziEtqRfXapzEGvLnIesZOSRPkASWKrKkpdPLPzoRVESTQLaAzoXyOaOXtaDtKozBIUGtXNnVRt,gNhgeYWGSFdAZeTfLsHu,Bug,Critical,Resolved,Won't Fix,2021-11-02,2023-01-16,2023-11-27,2024-09-21,11.6,44.34,475.93,1850.84,9723.93,False,False,True,https://github.com/example/repo/pull/567,6,34,46,7,8
92,1939,ISSUE-92,https://issues.example.com/ISSUE-92,iGuKAnKgekpBSfA,xmICYZGGStwrGIlofPLdbbYvIjJiqonVSgMPNNJqBbreOLRPjj,fYYwnFjalpZKeYkDHhSiriQywouVwlxMYSLdFTNukYapSyLOJjVRkayWMpZGZzDFJJYIsGMEJirGUxJBvQynfDdTTsEyETvPzcnG,jmsfbMuNSfCGUXEUVKIC,Story,High,Resolved,Won't Fix,2022-01-24,2023-01-20,2023-07-04,2024-08-23,6.4,8.89,87.43,7319.97,5216.21,False,True,False,https://github.com/example/repo/pull/162,38,41,9,17,5
93,5239,ISSUE-93,https://issues.example.com/ISSUE-93,BBUJzXVSqOQWZNP,YiBVIWTwALRZypfSoYpDYfgMZmMuMTGSDtcXACptfAXNLYFJMr,aHSWZDGUHITYYKQvUEhhtkCbMJfmcLfADFIuRtoUdFbUSlGubmVsbTDnWMOOQHiHzncpWayslKvdePJzIydoDYsPEkPbtIgygdmV,egHfvsVAThIegcJriPlb,Bug,High,In Progress,Fixed,2021-10-04,2023-04-04,2023-09-05,2024-09-08,5.3,56.27,257.02,4707.96,7857.31,False,False,True,https://github.com/example/repo/pull/789,12,4,11,1,6
94,3340,ISSUE-94,https://issues.example.com/ISSUE-94,rAhwMdSQosETvQB,FTQCxgxRepcbAShHLnvTtevRIdqhNBuPxzCIWdHbRFRAiWlRbR,pWPqfgOxFimlCQkHXviMGzQCmbNwQedQcQPPGqMRhjoGYWNqfKLepyVqQCpxKbobfxcAFoWPNKvWVeVXaZOTpUIYhaPjDUEtzvZV,UdoylswrApBvBjuwAVDd,Bug,Low,Resolved,Won't Fix,2022-05-08,2023-01-30,2023-06-08,2024-03-07,3.9,68.83,613.25,8859.14,3493.44,True,True,False,https://github.com/example/repo/pull/69,40,39,1,6,5
95,9139,ISSUE-95,https://issues.example.com/ISSUE-95,rEAAVJWQXvtYmec,LXxWNMEdnqzeKtIbhoqrldXRjnPMqXHqHNjIKXbmrfCsaQVrfU,GKUBeyyUHcoBPisjgIenNJjbwsThKBdYPiboIOWAFNVyRPKLPpAgflhgotOUdnWlpGKOlZlGFapWaNtaUTxggGFIxgbPySWIxKXe,CbJUypJWVyNCgOeMUrHo,Task,High,In Progress,Incomplete,2021-09-01,2023-05-20,2023-11-15,2024-11-01,11.1,6.43,132.58,1751.72,4193.78,True,True,False,https://github.com/example/repo/pull/139,42,46,34,13,6
96,6409,ISSUE-96,https://issues.example.com/ISSUE-96,uqmNPLxlMJgRnWn,sBDDsWNzcHSUIWcGOEdHxwAAYLlMHSFODwFWJdyILWqFFGEDfj,PvMvjDHHIjaJmoyMEbTpnVYIXhlkDLiPECuisgRutuXUlgcWnDCrBdZBhyhPALccerBeyXMNzxtOELhUmnXHRApOQjjwXObxdTSx,YXtpIjbxqyPjOvwSHAwd,Story,Critical,Open,Duplicate,2021-02-18,2023-01-18,2023-09-24,2024-02-06,2.7,97.01,645.25,7652.99,3834.12,False,True,True,https://github.com/example/repo/pull/817,30,21,42,12,5
97,5415,ISSUE-97,https://issues.example.com/ISSUE-97,zOMUeJkqFPoNUHd,ksYxGqVMqOvsDIZnqIulXNsLQGvtttXDxJyJyKxBhGHBwjBKiE,pmKoEUhiyLhRWnJdhibdNsDDERNrqPhqbxmqBWYkjhYRlanbUgHWzPpviPDUMkDvfyfQRUmIcOFXgpxQUZVqFMQCSEVLBFrBuiMH,GykkPnMNloDckfNIcmPQ,Story,Medium,Closed,Cannot Reproduce,2022-09-12,2023-05-08,2023-10-18,2024-04-18,9.4,8.56,676.04,3436.59,2260.14,False,True,True,https://github.com/example/repo/pull/95,42,22,40,18,10
98,4353,ISSUE-98,https://issues.example.com/ISSUE-98,zuIalOkFBmwuilB,vOvMonKXQIuYOhNxQtyjSAHRRNxpjqDxdfXbVLLbefAUMWCpQH,YZQGRnBQiXVicRqKnlZNvJpgrxKAmoCWFDaabmKKvVwsLrSLrMpJJbWjIcZscCmTlvhDaThwAduPIqLRRyUqHsVcNtNHwKVbsZyI,IoDUbgtTDhmbBMFsvjwH,Bug,High,Open,Incomplete,2022-01-27,2023-04-17,2023-07-18,2024-07-03,1.3,8.97,132.99,5434.58,6546.51,False,False,True,https://github.com/example/repo/pull/395,22,49,6,14,10
99,1012,ISSUE-99,https://issues.example.com/ISSUE-99,gzyqRyXjCrafeoR,xBcCKZUNkjGiUuldcKNvjBrnDgItXnVIGhqIwXWYxMAMEwknzI,lUDGJJmtRmukOpOmPZqkKdbknqppAQDCxAOpMOeWqdATPEDHRkeHREFiUoIBlWjFECIGlFrXNNdbtJXhfeUkImORtiOhCmNXxVmO,XiRBYibPXWotHgYsmdpS,Task,Critical,Closed,Duplicate,2021-08-21,2023-05-02,2023-06-05,2024-12-23,12.2,12.25,847.89,8730.6,4422.27,False,False,True,https://github.com/example/repo/pull/386,1,29,34,3,4
100,6948,ISSUE-100,https://issues.example.com/ISSUE-100,IaDHXkaEOokSEJP,ebFajNuQblhWUJfniAzeDrNJlQeXhaINgZLwvVVJaBtcRubsrs,KMmAYQvOLjhGTOkBhmmXFMyOGDDeFcisbgyTACBuJWLDapXvnHyaCiRKzxqpSmDpDLiEncZQJOZJVkKgtLuhjLOpFRVIQWjlyVQQ,IRMXTsqcltFLbRwcvqeK,Bug,Low,Resolved,Duplicate,2021-01-04,2023-04-28,2023-12-26,2024-01-05,10.2,23.72,573.56,2801.09,1808.8,False,True,True,https://github.com/example/repo/pull/471,16,48,30,5,2
101,8863,ISSUE-101,https://issues.example.com/ISSUE-101,UrjokygFGMrpaVp,eQemoGXIVpuxgxetpToEPwHYWoKRpDOEbvvWVfjhFzhINJZkMS,vdxFEzVdgbTFQNyUKjyNsuQZpEgUPHAjMXegMfIxhFYoPDzdkmsZsfAOaCNNotinephOJkxymBJyDNCRMxCQQLecXjuvRteeUJbN,iZZMZHRyejgwBwLaThom,Task,Low,Closed,Fixed,2022-07-23,2023-03-07,2023-10-04,2024-06-27,6.6,74.49,390.6,5387.25,9995.76,True,False,False,https://github.com/example/repo/pull/746,9,26,16,10,9
102,3179,ISSUE-102,https://issues.example.com/ISSUE-102,eKMtiSPQvgLqrJu,dEHeJEDEtupxemeFUMHVqdcZLogxZXHlbsHxOidzsKFZSDZith,gjXEcrTaKTLIINVVKquclorgLiouYwiRaNuYpdGTwZlHlOkHHSKjRhBDpHbHtubsiUXNLschQQITKOiPnJTLzvhmPMQMZotSFBhF,AZkBcKAlMeYogAFYwohv,Task,Medium,Open,Cannot Reproduce,2021-09-16,2023-02-01,2023-08-29,2024-04-10,9.5,26.43,491.5,2719.83,3630.9,True,False,True,https://github.com/example/repo/pull/199,34,17,8,14,4
103,5700,ISSUE-103,https://issues.example.com/ISSUE-103,eYUkRVfLWhONZkb,IuIgfWUdvSZatYDqNeblIzWnGODOKcirSvHtpPtDSjziUvsLZY,SkoIOMlmvCmynYCMVkpByKRGnaiwIYuHzmYhMiyJZxkyOsYAZrDobAWXqFnaXbVxpyfECbmKSxYnEijBLhpaMbAZpginpHmKaFyP,HgErlxmaijnpPFPEBZXi,Story,High,Closed,Incomplete,2022-01-16,2023-04-05,2023-07-26,2024-08-31,11.6,2.69,872.96,5466.15,5424.78,True,True,True,https://github.com/example/repo/pull/314,3,23,14,10,10
104,4188,ISSUE-104,https://issues.example.com/ISSUE-104,urfbHwCTsbJdyzZ,XAaFKSSLiXVdXZCkijlTCATWrFgPoDLntglZBKJnvesqbMCnhI,cIJbVjeXYBoBwdUmmXvspgeVeoTcLvYcwhjoemICheEwNktukqDckLJsNXHqadyRwWvLNfOVAfGGqanSHSUMnVgipMJJUvmRiiMp,qdNGHpDnmAnYWIkdBuRe,Task,Critical,Closed,Fixed,2021-01-26,2023-04-23,2023-08-18,2024-08-21,5.7,89.08,195.22,9917.0,1074.66,True,True,True,https://github.com/example/repo/pull/523,25,15,20,14,7
105,7689,ISSUE-105,https://issues.example.com/ISSUE-105,nGGRaOTUjNmJRSA,IhagcIYYraCnfUhaNRvKjitnHFDjvCLKFiUJPvAUKpmdSsNdam,xEZAOjVuwukZkCtPaDCLiaLVLmaDsjoDGenlKjyrjTXeLkJNvdqUoFSbZGCnbrXyrfKUGItfyWCvQsZVxtxzmquWgFlOgrvrtmEq,kOwhchtpfCEmTnxBwVuk,Story,High,Open,Fixed,2022-05-12,2023-04-18,2023-06-14,2024-05-06,11.3,39.14,613.15,3754.75,3280.53,True,True,True,https://github.com/example/repo/pull/962,27,2,44,13,8
106,3231,ISSUE-106,https://issues.example.com/ISSUE-106,TiZFgJwnLfUATQk,WwvXDRKcHldnpLFCLhBaTUoeLoMJWJtFGURUvexpArHFrFgGNI,VsRKSEZdMzWzSprGyHbkOEoHMGTwJjHvXrlqYyWGPCLLUHqUPQquggStpChwkxrQMOoIzgaIcVGyHDchayDJQLqVNFOITKkXzgll,rYFXzAGKBIepoOLxALXs,Bug,High,Open,Cannot Reproduce,2022-11-12,2023-04-03,2023-09-16,2024-06-21,10.4,72.19,928.07,6641.28,3931.68,False,True,False,https://github.com/example/repo/pull/363,43,18,8,19,7
107,4116,ISSUE-107,https://issues.example.com/ISSUE-107,LtRuXUkDfWwMGiu,SBsHKXXRgXrEfCqpUrORmBEhGBoVyoPMwatlwXAmHFmdLbOXGb,veSrcAAOnzrrfkJuZZTsncoUUdJcGxMvpvCLDkHsfZMplyaqRWmUXTKpDYYeRZMaVXGwVvMHSNTuTeqxQgMJgXgqkdOHBcuPsTpE,vlFJokKQDuJVJkBmiQpw,Story,Medium,Open,Fixed,2021-07-19,2023-03-16,2023-11-15,2024-10-03,11.8,11.85,702.28,8602.35,7442.68,True,True,False,https://github.com/example/repo/pull/254,21,32,3,18,3
108,6748,ISSUE-108,https://issues.example.com/ISSUE-108,ZCMoUtGpKkihtJH,KlEnTpjKBQEDHmyXafezsRhAhChPJkMntRhxuVzUTShqybQXVT,LOulVgfEGfwoxbfoODiaHTCphOkqYYuRbNmcKvrbxpvjxXjhPNdpWDCWVzqRvIKpDmQXNsnPTdUtoVzqiOgutpFLMCJUyxkLYSbV,ANTwjPUYvwXWncpoCegs,Task,Medium,Resolved,Incomplete,2022-12-17,2023-03-26,2023-11-17,2024-10-22,7.8,31.12,479.21,2690.05,6704.77,True,True,False,https://github.com/example/repo/pull/768,2,25,12,15,3
109,5247,ISSUE-109,https://issues.example.com/ISSUE-109,eZYOBTPaURlDxKl,IwyTwxuCnwWICpyVQBFiAuDphCSpyvtunpuTkiSiMFFspSYmkq,DoqrKLgronitJzAXawFFoYunwWQgFpssosCbuaKGjKhNWcuvttWquBeQKoOJXJIDgZtnsUTWsGbhTCqmSjRwFVrOpyMnxYdBVsJu,SGaMvrbLkMmPVgFapLVl,Task,Critical,Open,Duplicate,2022-12-05,2023-03-08,2023-07-03,2024-12-05,4.2,5.04,910.8,3112.89,1730.65,True,True,True,https://github.com/example/repo/pull/118,7,46,44,11,8
110,6443,ISSUE-110,https://issues.example.com/ISSUE-110,QbcAmKAuEkuFUik,ynDPtuJmHVxeeZxPvwDbvZuOvpAwvNvVtDTWMaGAbPUfQCUhIL,dYZihvwjlwSaWxyWpmBVDqnUzOGyvSvxWNNiRYrzeMnVWOknAczqceivAeldFlnFzJRMCSPArajdfkfUglwWsjoIAWekNHBmjbbA,xaHubuHlxDogvdkvOhVL,Story,High,Open,Fixed,2021-04-14,2023-05-08,2023-09-16,2024-07-24,11.1,60.92,612.81,9442.6,1643.74,False,False,False,https://github.com/example/repo/pull/576,16,12,17,14,1
111,6962,ISSUE-111,https://issues.example.com/ISSUE-111,rbcsrSeozcogHtb,pqbdSNrvTxUhLIgSvwXZriwoxerxtHvmieoZsbOYQEuwkFLGXw,YqKwlPZvKoyIRTSjQgCmkIGtJfeLqdVyxSrBTowykhPNylzvtSJKzirJpFsMCWbOyUpluHkJZUeiNdccZpeJnRnasqLKAhudPCkw,oqilqrAnsCaLMnuseglx,Task,High,In Progress,Cannot Reproduce,2022-08-30,2023-02-25,2023-09-07,2024-05-14,1.6,29.96,314.96,1449.48,1352.42,False,False,False,https://github.com/example/repo/pull/957,3,41,22,17,7
112,6804,ISSUE-112,https://issues.example.com/ISSUE-112,WmGYXWtneRmFSft,lHMfbQSFhsLWiaSqqVUGgAPFMCKCuZyFtcPuPbVhKqheEwnDIV,YpEFARANdpkFNfhMUFstkjQENvlCCIrLWZKBGiYlgoqQplaHNkpHiKGCTphwIUKjcoPgtMuJXsfsmSUIvXwOBblOrbDgTeVvPbmC,UxIkeeGpGsevsgEDbwdr,Story,High,Open,Won't Fix,2021-03-19,2023-03-07,2023-06-19,2024-06-06,2.4,97.57,926.99,4001.55,5955.23,False,True,True,https://github.com/example/repo/pull/627,16,19,42,2,1
113,5400,ISSUE-113,https://issues.example.com/ISSUE-113,UhtqWvVESAtdxeX,eEcPDFpVKUsacVWrgXEJBkwRxMSpoibJyVATHagSYxaQzPXhlj,ymicgYSTIzCcZlulgCNXtXkomFhKxxeRTsgGqRgEBMjssoZXfBBXYbyjkzqorYGXOogMmcFwnXpahBNODNhwhVcZkyQUPzIblDEQ,YpScNQPTELBuZYarMKER,Story,Low,Resolved,Fixed,2021-12-04,2023-04-11,2023-10-24,2024-04-04,10.6,89.82,114.2,565.98,2999.77,True,True,False,https://github.com/example/repo/pull/666,15,4,42,11,3
114,2058,ISSUE-114,https://issues.example.com/ISSUE-114,rRBDhQOZgNDnOAQ,xvWElkGlYroaEUyrTuylibuEgWaceAFjxSTTpMZSuTpOEXMeZe,IMSTdjNzJSPLmfvMFhvRUYcjPuqXAkNMSNhzreyanEcXMLyVzoFERcJutkCiKdRGfBnIlkMZNVkXXGRRgUaMpBtaUojYbpZKDPIy,CZCvtGbjbtXNieoasOaX,Task,Medium,Closed,Incomplete,2022-09-14,2023-01-24,2023-12-15,2024-12-14,7.9,39.31,674.78,6326.44,2562.15,False,False,True,https://github.com/example/repo/pull/277,42,17,24,7,4
115,2708,ISSUE-115,https://issues.example.com/ISSUE-115,XmUVBEsaqGMJwhv,qZIpSCelkojuwgNPNzfkUSXaWTeXWscjIDStLPCvOrrJRVsvti,yKtOqdDqJLygYHxKJkTaJXSIZzYQaAVAkvunSGuHmxUpNbzPQRsEHjllOHjeGJIWGPsYuudCKmiGWTUNoqyARkANwKluWbnZWPRO,WFbIxFyVqlPOGaZKJflz,Bug,Low,Open,Duplicate,2021-07-13,2023-04-22,2023-08-27,2024-01-11,3.4,39.44,825.87,9285.83,6668.62,False,False,True,https://github.com/example/repo/pull/872,9,20,30,7,1
116,8195,ISSUE-116,https://issues.example.com/ISSUE-116,xwrkAtmwMOydgaf,nNMvyBMzZQjatRcUhTcXdPKCSZpfkdgKHRrTgMtpLNrfjPooKr,BsCsvzklpAwipGRNKZwKLDEMdNNcuKGWIXllOrcycINxbqwYWQYJDLAlZQcdblfykpJXXilVtMYxywQEyBbLQRYSkEtlOIcscMRZ,ztGjejFXRauTyRUBJWkB,Task,Medium,In Progress,Fixed,2022-11-25,2023-05-13,2023-08-14,2024-07-26,6.3,37.22,397.65,2325.76,7010.14,True,False,False,https://github.com/example/repo/pull/706,47,7,26,12,10
117,4360,ISSUE-117,https://issues.example.com/ISSUE-117,CyMwHvInyJAcERm,YRXoZtqQtLtnFEcsbTurWGleOHOYRUqJPrIUqSjzbAsZppVaDA,dxOwDPJhvcOnZROsGoOZpdeHKILaLdYeKOxtqNfurqTBTkslGfnyLssIKAaojXjzLuEctQncSMZxssARNKArmfAVcxDMgeNKzHTv,sgOtENDvtmhdjjhiyAUi,Story,High,Open,Won't Fix,2021-10-26,2023-05-01,2023-12-09,2024-09-05,9.3,96.88,475.09,202.47,8624.04,True,False,True,https://github.com/example/repo/pull/183,29,32,32,11,6
118,9877,ISSUE-118,https://issues.example.com/ISSUE-118,yGgDGTUdjavcHRR,MbBSFZXsYXXzIJtbhHEciACcTIzbSwJJpQlseepTUEhvncXErU,rAElpfRKhfutZxGafrSDFhTrgrYwNYCFrrUQDwwodQwpfehrzktFvzFrcWwDiSsYDwspZNiVqjJLlfdLOaopuosRzpxHrYkdiFSE,OWXdfnEUjXCSPCUPyflh,Story,Low,In Progress,Won't Fix,2022-11-30,2023-03-17,2023-06-05,2024-05-23,7.2,22.74,134.98,1263.86,1626.05,False,False,True,https://github.com/example/repo/pull/143,12,45,6,15,3
119,8631,ISSUE-119,https://issues.example.com/ISSUE-119,pypseJTucFxRybq,AibBtHWqFqHEzGIAIxBptvccEtsQhYtivsQCmxiXbilriMAdvv,QdFHSNjQOZuuqNMUQCMyDnWsOSKDaYwjBCVYUzTvjAmQDogcewxLLgsNhEGrBLvozFGKAwCzriMtUyvusMJQeyovrFBQoveMQmyw,rOMLfPXbHCyktFILndbq,Story,Critical,Closed,Incomplete,2021-07-27,2023-05-23,2024-01-01,2024-07-06,4.8,23.95,507.7,6372.4,5519.3,False,True,True,https://github.com/example/repo/pull/807,29,38,9,1,2
120,3146,ISSUE-120,https://issues.example.com/ISSUE-120,zAsyrogfgoKpHyQ,ajSnKieWyjVwvvFNLdIDTounzpKDmCXoiSVWmqyqdiTaLVkydL,VuTwcAFkDEKLlIqdcrYJXreKjuzTNfiWDkBgLeUUyAjKaRsOICuDGfoShyUCjkAhPtNwPiElBOLDiGJeiDosjDTNsuRQlnGZNSHF,TxInOJWRAJweFZmOClpp,Story,Low,Open,Fixed,2021-03-23,2023-02-18,2023-08-23,2024-01-13,2.1,96.42,103.15,441.78,8314.97,False,True,True,https://github.com/example/repo/pull/765,2,16,40,1,9
121,8519,ISSUE-121,https://issues.example.com/ISSUE-121,egqXIRLqXjzOTPR,aiXCUJXeQrTRKjUKBYziPCEHxeiavhPaeEBlkvqniIYWghLyzw,yzOPyNWijOUQlCckWVKPOXtaYOTgJjZUfyxLwigjkneUenIEOmkcsaFZzvpDYSvmuoTKlIBgNyQeCgUyDCRzLOxiquOgbTuPVuKB,MvpKZFZuGPqaohADcAqj,Task,Low,Closed,Duplicate,2021-06-10,2023-03-02,2023-06-29,2024-11-12,5.2,90.26,453.81,3870.53,7511.5,True,True,False,https://github.com/example/repo/pull/436,31,2,12,7,3
122,6537,ISSUE-122,https://issues.example.com/ISSUE-122,ZWyUKiHNBviNUUI,IIqbNIaVPpRsrxxwJCBBgDdrwrixuFaBJKohwKQVPRWDZPGfEh,cxFRrTVZpLlFDyhFcaggPtZCSVNJsOzCRgHEGZzyrryxIyGnOHKNaZPTheKbHiMRwmZzcDtpvNUfXeaZKNvirTzTwenFujAtxzce,XAyzeTgdEnitWNYOqzVT,Story,Low,In Progress,Fixed,2022-05-18,2023-04-22,2023-07-12,2024-08-08,4.1,5.21,701.31,3312.36,2979.9,False,True,True,https://github.com/example/repo/pull/36,22,49,16,17,2
123,2458,ISSUE-123,https://issues.example.com/ISSUE-123,FFvAnykdHscUvEw,ayYPZiWjnkMkcawrPIYLfJNNzYVIjCuuhJkjUrOPmLtcPphOYS,mUjnWEltqiBmFMmQWWWCBPyFjBDxOwjRiAGAsIFXhwKuKQkdUxxkEcIgCBEuNWjOHFzbOQxRlUzznohgdxRCscEtdFCkdddDHqju,XEoeEfjuHSABoOcQkPqx,Story,High,Open,Won't Fix,2022-12-13,2023-02-15,2023-09-03,2024-04-13,12.0,37.52,761.12,3623.17,3926.9,True,True,False,https://github.com/example/repo/pull/77,32,1,16,18,10
124,1358,ISSUE-124,https://issues.example.com/ISSUE-124,oBETwBZPRLyOyLI,wOFyEiviLsDxNwlBByEOYNeoMhJqUZvpxJlhOcluMysFEARDIl,HgoUeZglonMOMZyAnBNNxOaAKmjfYBYSHmNMaiiElvBvNImBsLlOilCWIjdVYHqvApQOJozDIhBGKbiDNzdbyrzwkjzorwfidtCn,jtpnkZkJhCJtjmNamGMr,Bug,Low,Closed,Duplicate,2022-10-15,2023-03-09,2023-10-20,2024-03-25,9.2,86.66,327.02,2820.83,8979.2,False,True,True,https://github.com/example/repo/pull/365,10,15,41,2,8
125,8488,ISSUE-125,https://issues.example.com/ISSUE-125,vCzlMMCCcVOrQsL,AAUZCoyCibBepVZwsuqoIKAlqmTmuRmlXGaVWcMmSwZLeXrniv,FSaYmzHmhPdjGMsbGzhAtIPGkxugRkeIMNIHbXnUEocPPCFjSeEYWOgJDJbAbDiUHpPgZwIvlUhHgvOUPWhGbJmZjAGjzVlMEwSL,FNdgPKKHDyDHYlhpwaGk,Bug,High,Resolved,Incomplete,2021-08-10,2023-05-27,2023-09-11,2024-05-23,12.9,55.01,645.85,5373.69,4465.1,True,False,False,https://github.com/example/repo/pull/745,22,13,38,9,2
126,5882,ISSUE-126,https://issues.example.com/ISSUE-126,HomKTAJaoomuohy,cInxUuwvgORngVIUBsOhzVhMWpFzkAiFVshhSltiZXcoFJxhjW,kNPHqEGlBYdpHUfZGnyHJmdBGLsyXeBosqIszecdFMTcXBqpplxWnPUmfWAMUbumgfDEsURTzrxfocJYfqgJBssRJdMAAHrmadZA,uSDCwOYFUfJbCQKtwlcZ,Task,Low,Open,Cannot Reproduce,2021-02-27,2023-04-10,2023-08-05,2024-09-05,6.9,21.29,196.84,9038.29,3766.52,False,True,False,https://github.com/example/repo/pull/599,39,7,34,1,8
127,6570,ISSUE-127,https://issues.example.com/ISSUE-127,ePaosZAKARAoCAX,vwiQVFErIElDxYnwhlsGcTCLuofUlTRpEaEqwvXwgKvKJGkJyp,OyPfxjEbVFmuKxbpMMaYQMLLamfhuqipshEkqhqMJsmOtnmKKqzdllknxEExRsyIOwPcGlGjorqaKwZguZbZnJToAWPEiepjFoBa,rtQvBoFDvjPSbNQBfrik,Bug,Medium,Open,Duplicate,2021-03-15,2023-02-26,2023-08-20,2024-05-19,8.2,54.29,666.21,7870.64,4452.09,True,True,False,https://github.com/example/repo/pull/52,14,39,32,15,10
128,7020,ISSUE-128,https://issues.example.com/ISSUE-128,lUnzboAPaMwbtoj,UuxmcztUFaBtwKefDijAgFieigIpPEPWMEoUvQHBSnLPFuFnkT,XTCyaYunWsBydLmBdUjitZMRaRbNbwmSutRXsJAPuyWSUhKkJSTCyiLSptHiyvqgCTUCqsmJBduZhcPidWNlxTcrgMbZWpYWUZce,oOKuLvEjXvCKuKoMbOZC,Task,High,Resolved,Cannot Reproduce,2022-05-04,2023-03-19,2023-12-03,2024-11-27,5.3,12.22,222.69,971.37,8934.3,False,False,True,https://github.com/example/repo/pull/226,45,2,14,19,5
129,1495,ISSUE-129,https://issues.example.com/ISSUE-129,piTbkIUIIdXXVYW,SYgsRMckSFBoNajERXlnaQfKjnQfpGfzzzQjsvtteYHOQiUtqb,EiqzaIKiDnTJLnxICBfQJcMxAgsPCtrEwrrtrKGtWvKbkJYFtGNhdRSPRUxETmGEjPuKrkGwalIXPIaybteRcDpjiWdmnMgeFDwK,dWAfftpSsHVRDKvNBMzk,Task,Medium,Open,Duplicate,2022-11-01,2023-03-02,2023-06-12,2024-10-03,5.1,30.01,92.53,8484.05,5477.89,True,True,True,https://github.com/example/repo/pull/47,42,34,29,13,8
130,3144,ISSUE-130,https://issues.example.com/ISSUE-130,LEXYSfYrdghhlRZ,ABpSebhgLACKjBcXuwSKiFvQQBZkqegTuhqhpNjtNkBsAFhxSC,GcUCONrAxFBvDQyksrGbxxMEMqTKPDvOnlzLPUSkgukaVtDIFgwJPGGxOJaKjWQPeLSirUEJoMaSrRodvbanJSnUnWrTgthCTnfn,WPlcKijUIKgUqjQgHCtE,Bug,Medium,In Progress,Incomplete,2022-06-12,2023-05-28,2023-08-15,2024-02-15,11.4,48.79,370.31,9337.56,1673.24,True,True,True,https://github.com/example/repo/pull/842,31,2,19,20,3
131,8388,ISSUE-131,https://issues.example.com/ISSUE-131,MmxvOMNGMXxWxoK,APQfHQroBkPkhEHUXpneurbtzViYbzVjcLzfMafTAOvzsQagCu,YWOyyzwDPxychTLWrBkPhCSCJfxnfshJrUxDLUMBLPxMlXYgcbWdWbsZGddgEPNPjOLvJhJnuNOAAGASLHPxyJuFKWLSwXYjCKyr,OfclLEHwpoVhmATxtHWH,Bug,Low,Resolved,Fixed,2022-04-23,2023-02-23,2023-10-11,2024-02-04,5.8,22.55,897.46,3107.5,3254.04,True,True,True,https://github.com/example/repo/pull/406,17,36,30,18,6
132,3887,ISSUE-132,https://issues.example.com/ISSUE-132,twPITTBQPScUMyO,stglqgbwnXvqVkCeMYQCoLgYdNIevZIQialUVIkvqYQRyPOuot,YOQqhEGarlSZBkTnSDGkgKtSqgGFvtVdyddyqavzFGNrsaDscRQuRsjEVCZhnKIeMIjNWyvgTsDUpHpsKwciXQHFwkbzVswvnPpf,uBfFWpEdGKjZPDqRRiki,Task,Critical,Closed,Cannot Reproduce,2022-11-13,2023-05-08,2023-10-12,2024-07-02,1.2,12.11,739.06,3842.99,7256.01,True,False,True,https://github.com/example/repo/pull/907,7,18,32,11,3
133,2703,ISSUE-133,https://issues.example.com/ISSUE-133,KFzmZxxSQEQeWqA,viTZRlPDAajqwHsRTFTXzockxTBDOHgnbGfOtNpHKMRbpIwCmo,qwhZvhvcwIQJIDCjlSDuiWbQeULvzATQVwHvWzHCsgjJlYaWTiGtOTvxOjCEhVDXEfcPesmNALMUNhEzYrZiHsowlnMFRuPeZZnS,pQvQEJMufarUOuEPSDCE,Task,High,Open,Cannot Reproduce,2022-02-03,2023-01-29,2023-07-20,2024-09-29,1.2,45.75,574.43,1467.67,8297.54,False,True,False,https://github.com/example/repo/pull/600,40,27,34,20,9
134,7302,ISSUE-134,https://issues.example.com/ISSUE-134,woCdyQwBeFAuwRH,PhXDlBNAhDCmoBTOIEnVhfKXdEBBZCyYwFrOlbmEaRoPyPwUkW,eZXAqjjJMfQkpFFoPYczGJglepoIoNEDkTYradSdOrSpvENdAmcaMIfxpmOqbgBkjdMCjyYUUUXWtAUaPiGYkggUGpXauAeDLOUi,kJcHhJuFDNoYvDMPcacP,Story,Medium,In Progress,Won't Fix,2021-03-11,2023-05-08,2023-08-07,2024-04-27,11.5,79.82,787.01,610.31,3787.59,True,False,False,https://github.com/example/repo/pull/293,38,49,16,19,10
135,1961,ISSUE-135,https://issues.example.com/ISSUE-135,mrVanznzmYcQVDS,BVJiJWPVUJikvwuWkisNiXfCsqPxuWHHQMompdwFgZGzFUnEcX,SZAraqKjvFobZmMfCRlEuCpLhYBbXnZPbRcDXOvlhJpHWItZzICguiJlgFlnFJugPsSUKklXVmsKeKyuwzGZnRKgmTnadzVyTiBA,FFASfUTZElGTeHETRcYT,Bug,Critical,Open,Fixed,2021-08-15,2023-01-19,2023-06-17,2024-09-30,9.0,19.68,393.08,5157.78,3480.2,False,True,False,https://github.com/example/repo/pull/29,14,42,48,7,1
136,5705,ISSUE-136,https://issues.example.com/ISSUE-136,rhushdwomqJbQbL,lZsHXtsInPVVWXwOmmJfLbrQIsAqEKnMqCeGfrDxWbQblnlxPW,AZgrAwpMivWdtlVrDDNHObGwSlIuIFDKwoqnjhrdbSgpeeZeTraiogLKMHHuTVmHfOcxYqJxhzmZWrVYSbSDvwlLltllPJHZksJm,zmxdoEhtwhArwHqFjdUX,Story,Critical,Resolved,Incomplete,2022-03-29,2023-02-28,2023-09-19,2024-08-05,7.5,66.84,324.74,2172.36,6156.91,False,True,False,https://github.com/example/repo/pull/647,6,1,26,20,1
137,7920,ISSUE-137,https://issues.example.com/ISSUE-137,RPELGGJKnjoQkXm,YgvTgYyTsfQzbkSOFIgdqtYTIOEtFEtIftOlcMaFPqXDunudil,RbxsQmoyKklUmCPPlyofoQEcgORBSAfWmeytkadPZQWcoXWzlSsWDfZUOSrgmptECmGzqhmSqFbVvXtWqhzGkypSFlwvGfVZXEeq,yEjMWdeVCsQQFeEuMNgo,Bug,Medium,Resolved,Won't Fix,2021-07-18,2023-02-03,2023-11-23,2024-09-03,12.9,57.94,559.24,9357.42,6263.25,True,True,False,https://github.com/example/repo/pull/93,24,7,30,19,6
138,4907,ISSUE-138,https://issues.example.com/ISSUE-138,cbKLBihQJeVqByt,JqjQGnBvDRXTchQtmdvMarjebGSgCeQCCcLKrjBtfiZtTMerII,NWIqUGmYdfzmFHOhueosxyrhMTJLIDoaHQpCyYCXonJGqJSTbsfgRtepVPmjligKEaHOknCoUeDUmxohxdceAWuTFzmHYjMjVlGS,IVvTcHlPpMAmjXvigNnI,Story,Low,Resolved,Duplicate,2021-11-20,2023-03-14,2023-06-28,2024-05-27,7.6,95.18,780.87,7063.52,7174.67,False,False,False,https://github.com/example/repo/pull/31,38,22,12,6,7
139,6558,ISSUE-139,https://issues.example.com/ISSUE-139,mnOfttWKzaqYBoJ,MwCjplorWwprIGGJGviZEbIokSUNzRAZqJkzJmxReZjcDROhtG,nmEEAohadcyTcIvykvEqErLIdFKFlPgJYvwSJVjxhAhIFTheAUiQFSEVgYZHbcqABkoEFnQLeMtJNfvxjjkiVGodohwixpAZTHFq,SgLsNMuQBrTFRdnfSlZY,Story,Medium,Open,Cannot Reproduce,2021-08-06,2023-04-11,2023-07-30,2024-12-21,2.4,91.05,158.48,9856.8,9653.47,True,False,False,https://github.com/example/repo/pull/176,19,49,36,3,10
140,7665,ISSUE-140,https://issues.example.com/ISSUE-140,owTOKZhiNQHErLr,HQQLgKhgKRlEuYRbbDkSVbwkBkXPWHsPvuBiznTBfnhUIHYQhJ,XJwPwBisrybumWdAWbrCFAjthichflTGsafyzOJZSMluiANHfaFGnSuxsbMkEOwLAJYJDIIjrUlpwTBERCRlKKowFULliERhWUeP,STdxuDJCtUUWutXCGGyl,Task,Medium,Resolved,Won't Fix,2022-02-27,2023-03-01,2023-08-16,2024-01-16,1.7,68.18,781.43,3152.02,928.8,False,True,True,https://github.com/example/repo/pull/187,21,38,22,7,8
141,2602,ISSUE-141,https://issues.example.com/ISSUE-141,okYfqltTkrsdNAp,wNzuRrVcneWVqDXcQOqIfMcPIbLHHmAiyjYoMuOczOEpUJKYEH,bulZDsXIMGOJnyANHAtGqvGWCuCdfZpdKkEtapbZCiSYvCdMekHxrQlPsBrAFeKSzwYYmsRDYWPuqOjCJgzmncHuYeXoUhUFnLRU,ehCyzTcmiOxCmzAWpanb,Bug,High,In Progress,Duplicate,2021-07-01,2023-02-13,2023-09-17,2024-12-22,6.5,82.35,700.66,6737.09,9051.12,True,False,True,https://github.com/example/repo/pull/673,1,11,13,15,6
142,8381,ISSUE-142,https://issues.example.com/ISSUE-142,PhMAlgjnHpuzHxf,aoTXlFTQaFaiRHMghIaWPpnbyHjNGvzqIRtftZUIagNUvfRVKj,ewHZmXiYydDRJBEaXcQDOLCrHnaGyiYMdNxEJmsJPhdkpuozQfOtLkMniWepaspMEHIrRGxXCoCVXzOaUdaKTgMLBkIjproPApqv,InsgJgJXcFZzRHoQUnUN,Bug,Low,Open,Fixed,2022-11-29,2023-01-03,2023-08-12,2024-03-19,7.9,93.51,652.7,662.13,5632.57,False,True,False,https://github.com/example/repo/pull/450,23,18,38,14,10
143,6661,ISSUE-143,https://issues.example.com/ISSUE-143,aaLHRiNLMTloVLb,LEANtcyRqZFXtDVEypELIGFfLMUlfsHSCjkbmjLEcZTyeVvTty,TYflUhKqbHbrbLXzrKeNCkKvDChzyZBKRrbWaTsoTrOWFirzelCltyIhMprGdJDSPXTKsfdeTENShUoKVtVtmJABpBLYyfUEPbwv,nLFmvdbgOQHByuvVawBi,Task,High,In Progress,Cannot Reproduce,2021-05-24,2023-04-01,2023-09-12,2024-01-07,2.5,95.78,246.51,4958.58,8402.22,False,True,False,https://github.com/example/repo/pull/626,17,12,42,4,4
144,6957,ISSUE-144,https://issues.example.com/ISSUE-144,lswQzBPfIWccIvi,CcyCSoOvPsKzDlkzkYEGMAlgvWqWHnOeAmrGyJRFJetYiYGVLi,ptGtihNhLfZpUfkNrFdNXDiVqUYQdKVqLlGKQpOUBqEMtnxVFWTzXgWHyRLPpkJcPBlHmezJvviSjjEewDZuRHHBoPEwaLADEeYK,okxHRhkxAKAviaccvkes,Task,Low,In Progress,Cannot Reproduce,2021-03-03,2023-02-25,2023-06-19,2024-06-29,7.0,65.17,586.56,8978.98,2314.75,True,False,False,https://github.com/example/repo/pull/962,19,45,41,2,5
145,1201,ISSUE-145,https://issues.example.com/ISSUE-145,bkMfRgvDuQlbogt,gePDrXXJwbQPCkjQDGHctVLYZHOJisrTJregNdXloqbuQeRvXQ,wkOMwkPzPrVnzPtCCbShWlSEpJuIgthfKMAzhHBCjurzKdoxdwRRXwUIzBKoQEJBXZLGiCimyCTCvuYFphCwKFMUwXTnJlJdQFqA,XhCyrVXiEFpEaMBWjhqi,Bug,High,Open,Fixed,2021-05-12,2023-01-29,2023-10-04,2024-09-04,7.9,98.41,315.92,4375.36,4352.52,True,True,True,https://github.com/example/repo/pull/774,15,26,22,12,6
146,7694,ISSUE-146,https://issues.example.com/ISSUE-146,lxmwIEBxjbVfROB,rxmMWEfOZenEtDMitwLOXQpeqjGHpzDFTBmZsbFgVYBTRDcdpD,rQBijfHreiKsbBbdsJNQxBBuXBAQZicskhLLgPpfGvhuREaxsLCYLmgaZfhxUVHDhJruepMxDTJwbdAeayZeuBDDrdOTTgTrnZmx,qlZggPZZlpajwCYLrbdC,Bug,Low,In Progress,Incomplete,2022-01-03,2023-05-18,2023-06-15,2024-08-19,2.4,80.96,217.12,4950.91,1943.86,False,False,False,https://github.com/example/repo/pull/200,42,10,41,13,10
147,2917,ISSUE-147,https://issues.example.com/ISSUE-147,fjanckKZUHlbaof,RWNcJkhWhNPjKfrhROahfHFIRootdZCQDAPMPBiFLfAEpSHUWK,hYAPCmlJXadCVOlXowrMxxMSxFHnWIhuKXzkHtPBxNjYNatpACMUyyRHpTcfnKsnNcMWZQsaayQhbwvjQiaScblYfhcKTgVfXFHD,zQJqOcUMtArxQhPsGMAD,Story,High,Resolved,Fixed,2021-05-04,2023-03-17,2023-09-14,2024-05-09,8.1,97.27,912.63,5720.0,2288.87,False,False,False,https://github.com/example/repo/pull/975,40,11,14,6,8
148,4042,ISSUE-148,https://issues.example.com/ISSUE-148,jotbaauNsHOTaRq,lhAaCBQZqDsQZCnlVvswQMLtFpwsvSDsIODaCyZXfuIzbEIVbK,EzOwEPBmGPqMAyGTBBLsDPeHimiqjYXRZwfWVSGnEMAIHsJtLbTPPcGyenObFTzrRtgPIrkoEFRkbMmBldQEMFeygTLUHEhODpVy,SZKRpjUMkRPHzeWfoHGf,Bug,Critical,Resolved,Duplicate,2022-08-11,2023-02-04,2023-06-11,2024-06-28,9.0,38.68,573.15,8428.9,7559.89,True,False,True,https://github.com/example/repo/pull/581,48,20,11,10,3
149,1243,ISSUE-149,https://issues.example.com/ISSUE-149,urcmcMGPhbrKJvJ,scihpUxqYppRUiANnAMTSkIdBWSIvfBTpGbypjTyFxJNiWnwHL,JOGIoXEmxwmOaTPzbEUIwYUpkTTMCoHHMlBTeYkYDRvFncaQybXPgoNXmFhLZMkxjDyDopaNKPaLfjpwTmnKEFnVZvMlONBeMvhC,QIQuznJKXFTCrvznyWIA,Bug,Critical,Open,Won't Fix,2022-09-16,2023-03-27,2023-08-14,2024-01-03,11.3,57.93,825.84,6598.13,6199.14,False,False,True,https://github.com/example/repo/pull/222,40,32,9,5,1
150,3272,ISSUE-150,https://issues.example.com/ISSUE-150,uqvdTpBoAmbCEzW,BCzxxzaAMhmzZjocWizhnHyPJBvlufRjhwRGeWorSHQFXPWELq,WDMSSydlExTcoHCoJMLAvNljRyaczBsaRSsjgXhYAUjwZVbloYvbonLfJytuOaNbVSWJBjcwmRddHMJFCGxYxfEnrpmjbhfvlZRY,jOkqdbGPsdQKGmpFIhlQ,Bug,Critical,Open,Won't Fix,2021-06-18,2023-04-07,2023-12-16,2024-07-23,9.5,73.91,422.31,8311.97,2633.49,True,False,False,https://github.com/example/repo/pull/154,7,41,5,10,4
151,9006,ISSUE-151,https://issues.example.com/ISSUE-151,LpsrlBvcETGVlYx,RxOXrOSndmytxdUaaqQOkxapzCXBKiYGTfcAejjeBUvjrIgZAV,MRyFYPMsUObLuaqcUdIhMkJPixMNefTtWSKLmqnzyjzrPpdxBCsmsLHDxgKhGHBVEpqEpncJtbGGakeqJETnBBEpSleWZNuaTNxD,PEKRXgIKniqscUtyoohL,Bug,Medium,In Progress,Cannot Reproduce,2022-12-14,2023-03-23,2023-06-23,2024-08-13,6.8,91.74,205.37,9592.22,9448.09,True,True,False,https://github.com/example/repo/pull/52,22,3,14,11,9
152,9150,ISSUE-152,https://issues.example.com/ISSUE-152,wOYaBtLVjjvJDJw,JuzJKUQNgxPZAoElAltqlHvpMwwCukyRvCuzqNgMdXLEsVdkCf,RFIFkcwmGYhvgIGStIjEMjxvoSgmcspwyXRpDpIooIVmGAFqHlESyQVUHhKHFjOKQUKBsYjvuULNMxJUQHyFDjomBbbWhoXffrnj,BEVKSsMDBGuhLkcvLsjm,Task,Low,Resolved,Incomplete,2022-12-16,2023-04-01,2023-12-26,2024-03-10,7.0,89.29,72.31,6088.48,2931.56,True,False,True,https://github.com/example/repo/pull/658,29,26,31,8,5
153,4549,ISSUE-153,https://issues.example.com/ISSUE-153,qXPmHbIGxqqFdiH,yqhhWtLWjXUClocCQpxtfRopwJmYDYmBHaSqtavJMCwxdgRARX,JCHBraVjuepLZTooRQfAPpUBaeTJXerGiMAqoDHmfOwPCPpsozwMHobZWJyLFXxdHLRvUwVuZyRnpSErkCnxdOMFFrSGbgQMawTW,SYCQWHHejLJFHIEYzUqw,Bug,Medium,Resolved,Won't Fix,2022-05-11,2023-05-18,2023-12-17,2024-07-23,4.9,33.62,579.07,5106.13,5855.34,True,True,False,https://github.com/example/repo/pull/524,19,1,9,8,9
154,2042,ISSUE-154,https://issues.example.com/ISSUE-154,WgesRdVdBsGcLsm,zWjQCrNYjCyIgcSzNCIEgUMEUqtwWRngmkFXfBaJzYhFAZDrTC,wIPDRYzkMOTNTHeKtkfADvhCGoaXqjqVDHMZpLaiZYBXZmkTukzDhwAiyNllkBAwXhLZfJDWnhTKphsKPTSllACzFwztcmsuWNjg,cIQeziWxKUeHiSCqjXrV,Task,Critical,Resolved,Incomplete,2022-07-05,2023-04-03,2023-10-31,2024-08-18,8.0,34.79,718.24,4323.4,1236.6,False,True,True,https://github.com/example/repo/pull/940,20,2,33,8,10
155,5981,ISSUE-155,https://issues.example.com/ISSUE-155,HYPhMhyBEnvGVqX,bEIYeRoIqAMgynxKOGJutQsIxlTXhuZkCYWgnHHYZWNNhIZcgW,fwpjaDpvPXXuvqoGXldcUDhiUtGqOFCFuUnMfiNcMErHQaJObJiJPmfeIsjzrNmdwrITcCuXEyPOJXfrSpnnWnyZqQOXwKnZkzSt,sIAqcbtnPpouBaPDFxXp,Task,Medium,Resolved,Won't Fix,2021-10-03,2023-04-18,2023-11-25,2024-08-25,7.1,73.03,265.44,6693.93,9882.94,False,False,True,https://github.com/example/repo/pull/25,19,20,25,15,2
156,8421,ISSUE-156,https://issues.example.com/ISSUE-156,aNsGxqMZUAuIiiI,LYErRlhYXgnbtOzxMFNMEAZkLoxqabDoyYoLHYRJMwrhiYAILy,bDtYZyFuZiDbAPycQAXFkbGZDsOKFekhhhzVerFzCfFmLFxipTnrDmeLTTMPjLHevKHfDbygJIIycmfePWocvwLmQqNbgnDNPNGx,RmNOHtNgSeDBXsbKcrYx,Story,Medium,Resolved,Incomplete,2022-11-07,2023-02-06,2023-08-29,2024-09-29,1.1,8.64,285.72,223.69,2581.24,True,False,True,https://github.com/example/repo/pull/592,46,40,30,6,1
157,1923,ISSUE-157,https://issues.example.com/ISSUE-157,sMPDqKvjLwcwggW,QnUntPfMGYcpmOeTyUQxyGpaHjwxTjLlRjQpbEaohxHjAgtUeJ,pjwrYAWvueGPfnqsROrVkbjoSSQRSHzABVXQxafYwfFRVeGARatFuiCdBRrbcZbCRzNClAgzrfsGThXCrDPQgNKmSuHjVHisDhMY,cGsHsEAJKUlHyXMpcdsE,Task,Critical,Closed,Won't Fix,2022-12-21,2023-01-24,2023-12-21,2024-07-22,12.6,44.02,332.11,8041.08,5502.53,True,True,False,https://github.com/example/repo/pull/110,6,24,49,1,3
158,7975,ISSUE-158,https://issues.example.com/ISSUE-158,iJhHAAxJTCpePPW,bERCjhsIUUzUMhsSYozdLhBFsaqKSHATXQsEuOvGDJwptivvzf,aSMSyTuNwcYGBdRLDOpRdFuVrPaGcXCMiODXGWGpZJJYWmDsPhCcujBCTLoGJKXTWikzDXgCijhMLajIzGJhEsvXETnnQWVJtDqX,ikOxuWFpLOJTXWPevTzO,Bug,Medium,Open,Won't Fix,2021-07-02,2023-02-20,2023-11-08,2024-06-10,11.9,32.17,194.78,4203.49,7378.1,True,True,False,https://github.com/example/repo/pull/580,35,23,24,14,3
159,7475,ISSUE-159,https://issues.example.com/ISSUE-159,WcuahuqJciOSWra,JgbYcFZFQEDGqMJYECbggmrgYFrfQxJQzgINWaQavaLNZZdcDw,TWEjFYiBgPjHHIJCZgwbgasElDMEYXkeOCntzZhmOKFSyUARkOIGFMqXbmIqbhhOhvQsWnMnOgJfKXPXVIkNgnndYryjokWsbVPN,LIeWIdzOWRFjcDmAEGDA,Story,High,Closed,Won't Fix,2021-05-21,2023-05-13,2023-09-13,2024-05-05,4.9,50.53,784.02,3740.51,2045.89,True,False,False,https://github.com/example/repo/pull/663,24,25,34,8,3
160,8122,ISSUE-160,https://issues.example.com/ISSUE-160,SOamdppgdfJZNav,JzbupssEbRHNqeUvjeUWtPYKHNviNHLnxIIIEYZjOwvfASZinw,MBTuSChHzkpZRPdoIjYqhqPFZirZdLkJPFOfmUIvUQhZdnfcdJdqNResDHcwqoSmFNTPDEKLOCQTNUwGmhSBXYfHnmtFjkikeMXK,lALtZSKOeEuhmeHdsRdZ,Task,High,In Progress,Cannot Reproduce,2021-03-20,2023-03-14,2023-10-05,2024-09-25,6.4,95.01,430.79,4534.75,6718.97,False,False,True,https://github.com/example/repo/pull/685,42,13,10,20,5
161,7150,ISSUE-161,https://issues.example.com/ISSUE-161,IGPOHoUEnvjzLcC,ZrpkSKnDoXnOJXJgBJLZQozpQlBwszlnIyRLgJCrIunGBytVFO,zyZCsdydphkglERGUsuegRFupYMKzWGKYxTUOPIrUEGQMFPzULwEctVFlYZkFjLWGkUDgfXuhIXVuYuhoqgTHSPoMmgzTPjPSIVP,dcJMWCxBLGGrUGHkrGOo,Story,Low,In Progress,Incomplete,2022-04-14,2023-01-05,2023-11-14,2024-05-21,8.5,30.02,258.03,6512.88,6527.86,False,True,False,https://github.com/example/repo/pull/516,49,34,20,11,8
162,9025,ISSUE-162,https://issues.example.com/ISSUE-162,JazHOSkLiJRvCxy,kmgwTtLJwKEwsuGrYhRaCFxNyKOlxbguJLDiDrfSzyZruXptsV,uDhyOLKqVOfuYWOsPKIIJtmpEksScHFHZMsSCAUhXtAmrXrPCHvweJdjqbctLFMzdGJxFSWSCIBOIfsyLhoeVSnfgHnsOyxlioow,nYpomNohxupxkEzbcGCr,Task,High,Open,Duplicate,2022-01-20,2023-04-10,2023-06-10,2024-02-17,12.4,94.11,353.97,6398.88,2333.8,False,False,True,https://github.com/example/repo/pull/918,36,8,5,16,5
163,8982,ISSUE-163,https://issues.example.com/ISSUE-163,bBXfOgfajmgZodX,hiMoLgDIHAyfeLhQpEQUwqgFYXAqEbIHibTRqploFSRUkfvJcy,ackjhaPQbrhtfzGqigqNZHtZzpyqQXahwhrQEqHVRxcVXMvkYQmcfAzuKcHAPXRaoWHMsFHGFciuSvBabFkyQStkWGqolqZNRxYg,IzlZHoGeiVVvucovEbkE,Task,Low,Resolved,Cannot Reproduce,2021-02-15,2023-04-15,2023-11-13,2024-12-08,1.8,98.7,684.21,6092.58,2960.35,True,False,True,https://github.com/example/repo/pull/831,42,34,49,14,5
164,4904,ISSUE-164,https://issues.example.com/ISSUE-164,VWuKQQVhPjATxuW,JZqevbbvbIoxDREcxJRjLzWmReINeudXwWKKtohJyBHiIxMrlL,EGNqiPxffrpTdSyKVCsRlfCrxbPmNpaUeaEjnIjfZplxHQWcEhGvvOdxKRFbiAIrbiWVLiCfVXDbTSglCdqlalijvQHgPjWoDSls,FLHVDicKFzQtchulMjjo,Story,Critical,In Progress,Duplicate,2021-01-03,2023-01-04,2023-11-02,2024-08-02,3.7,40.53,947.67,1950.19,3132.65,True,False,True,https://github.com/example/repo/pull/372,22,29,49,2,7
165,6595,ISSUE-165,https://issues.example.com/ISSUE-165,MqIVpYNcRrbHvNY,KLiLNhQlENUedTujmOdEaRvYtvQnfbFhkrygHoqoYaVsLFryUs,ytCDzMFHmMRqsXPhklXdJcDTvpPWhzjTfnxeSRsubkdZJNVBGsREEbBJYbZQAfEXrpdkfuLBLvehNCsbHYUzhigcrktvDVKXyFtB,EkKYqUCcxzImEiMTMKZf,Bug,High,Resolved,Fixed,2021-05-13,2023-02-02,2023-09-09,2024-11-25,6.3,25.23,367.74,1850.83,586.09,True,True,False,https://github.com/example/repo/pull/501,44,1,15,17,2
166,2462,ISSUE-166,https://issues.example.com/ISSUE-166,YdpxBHphIOXRyzG,GLAXvozcWbbyIBKWrfJfKEWjUKyIAyDeLjJnOPyyoDsDgldcQb,yhKbMRaOiizCuGgohQhppZkjqJCXWAurwDofxLBXVeUXTfMZYfxzArwvggBEUOCBbCNoBbGMxcsyHdOWIveGpHNgXvnxguMIcnge,BtsOMxaonBbdsBPBUqPW,Bug,Low,Closed,Duplicate,2021-10-16,2023-04-16,2023-11-11,2024-04-12,2.2,57.0,819.31,2029.01,8148.86,False,True,False,https://github.com/example/repo/pull/370,17,8,48,3,6
167,2398,ISSUE-167,https://issues.example.com/ISSUE-167,GWwSWeUVdmMCInz,igLrWmOEKvQmSffWEbDoMKnaKzXAwUDmyaegUznzUnUGmXWvmo,DnhEbVBlTfqBFiBpimGsErPLLrkPOkfvYUVTnTAGvXYAgSaAvqaFnggzevQEjMGUkxKEZOYcsJVWcBDCzkijytgcxqKDZyEzgDYx,XsEKDYKutGKWsiVuEyiy,Bug,Critical,In Progress,Fixed,2022-06-25,2023-05-28,2023-07-20,2024-08-26,12.7,12.15,204.38,3352.18,7881.14,False,False,True,https://github.com/example/repo/pull/483,11,24,9,20,6
168,7356,ISSUE-168,https://issues.example.com/ISSUE-168,AzFjYmuFKJQwZdp,FzxEpyrpaAsNKfeysIDVeCojnDUluwdsVIWfWSUpeHYULyPIaI,mnGXwmKZlwwYxlPYLxBEVmIWsgBhWaRKgWlqNCsOxRUylJIUzWqgVGzfruSPbuzqlZqTUwtTaRxaxToMfEaLFLXhMrwitgHMyxdx,cjvnmTyQoWsEVuHAHigm,Bug,Critical,Open,Incomplete,2022-05-18,2023-05-21,2023-11-14,2024-10-02,8.7,59.95,524.3,3766.2,3607.09,False,False,False,https://github.com/example/repo/pull/162,23,1,39,6,1
169,1711,ISSUE-169,https://issues.example.com/ISSUE-169,FkHnuQVKDkaqvaj,BUpSKPwkqVnGQGiFrvCkDEsKTQmFeogNNlJEVQQNpviffDfKcg,vMSPdWqzgfkPAnAXjjzXEERFUPerLKyuIVStWxDaRcKSnIUjRlAoITyyvhQVpKkEfdxmjUVKSgLQVsQxMHyUnuxtabPElKpzuiTx,GenUGAweiDxIUipdrXAM,Bug,High,Closed,Fixed,2021-06-29,2023-04-03,2023-08-06,2024-07-10,8.2,69.37,461.85,1265.84,3070.01,True,False,True,https://github.com/example/repo/pull/207,4,8,22,1,9
170,6457,ISSUE-170,https://issues.example.com/ISSUE-170,jwEbnYgvCRfaoXZ,bnVraSxgDeKBLKATQZSRNIXxypvDtRfHGRmwBsBnvaxiHPZnnU,gwszEPtkdQSZWoGsqYXlCohgGJnSlZHWnNRjDHqJdHCDCSeDEieASRUhxoVXwzwwwLDUMgMLjiNSuwJFSsmMiCJudPxBGIgpdZrL,rtDxzugfNnSUKoBGErsQ,Bug,High,In Progress,Incomplete,2022-03-26,2023-05-05,2023-11-05,2024-12-30,12.7,30.48,303.29,3946.68,1668.9,False,False,True,https://github.com/example/repo/pull/930,20,36,8,9,10
171,5357,ISSUE-171,https://issues.example.com/ISSUE-171,jFudaSaRBTHfYiW,YuBKKDAHSQBugrRjFsziynhpOPIFiknsOqYtldgpBebRDJSOZM,HRRfrRPmbLkeydtaMmOuzPeLzMyEmiDhJkNxmAgdhbQmWDdJpFBOyCLmVmRegTEjDEGIQhCIfKsyRKMKGVDAZDdyXoiEBCurDfUv,hIkobpySYZJlLclmPsjK,Bug,High,In Progress,Fixed,2021-04-08,2023-01-07,2023-07-22,2024-01-07,5.8,28.27,32.85,7148.32,189.28,True,False,False,https://github.com/example/repo/pull/2,15,30,29,10,10
172,6405,ISSUE-172,https://issues.example.com/ISSUE-172,yAZLqafrKtqJqoy,XsDhUgdmjhfUaqCnKEfWgsJnSaRPhzYoWHHfoDImhUXrnvNIep,EaiMiQNKtoHIKTGkYyGfzbuMMBXkwzrnGpdXfbDEyHLPCYZHgkAVLLZZcdPOFptiuUTkidlusNrzLLCgaQakDsGJMGOpxLHRdRbF,keSFRLEpvpZgFMfASguD,Task,Medium,In Progress,Incomplete,2022-11-27,2023-05-20,2023-10-03,2024-08-02,11.7,63.52,293.84,6908.06,2504.83,False,False,False,https://github.com/example/repo/pull/925,41,34,13,2,2
173,5808,ISSUE-173,https://issues.example.com/ISSUE-173,ncaRJMNkRPwTiEo,tmgEyASQmlIUYabqhrlVUgVghpYApmAVlZucqpKYEMEaDiifFA,vrDxfpUTqhDclTBozYgkopWRrAeUQhKlpQroMEvLeUipKIVtpbRjaQQCinDrGBEXXINKysMzBWYVjNAQbPkQDQtTzwUysVSaARZv,DQcMsgDrwNSnVyqyFJFm,Bug,Critical,Resolved,Fixed,2022-05-25,2023-01-28,2023-09-17,2024-09-07,3.2,16.32,181.61,5208.62,794.68,True,False,False,https://github.com/example/repo/pull/991,33,41,10,6,1
174,7461,ISSUE-174,https://issues.example.com/ISSUE-174,clvmthTQGTZAuYr,rwiHfVVwLRjasMhwGqweHhnaGSPtMfqGgDqToZTInkDttCAwpv,gvVsBqPxcMsbtDrZymsSjjTFZzRvQKidJkjxgEjqhxIMfdzRRRKPbsfZxWrYgDPkMEYuwPaHEuOrcZobELiFspDMMJUcjjvAGleX,DfbItdrwfBltdgiKhwSA,Task,Medium,Closed,Cannot Reproduce,2021-01-16,2023-03-22,2023-09-21,2024-07-16,5.7,58.57,108.1,5453.64,9984.86,False,True,True,https://github.com/example/repo/pull/284,3,36,7,6,9
175,1122,ISSUE-175,https://issues.example.com/ISSUE-175,SBfuwZoYEqSWgwH,mOUsSFCKQwcyVzaBXsMWXqEgFNwLHrlKQyQgXxojaHMKAKMqLq,JGimkjrTpodaKrprxTyDYPLrMNoZcMbTfgLKPLwUuzijJvQwfkVMbOyKhxOgGNydDzAziKqGbpGwWjlgVfgyQeBGncmwYNoQQBDb,EDSDGAOoVOTUCKXRBFGk,Bug,Critical,Closed,Won't Fix,2022-12-25,2023-02-10,2023-07-22,2024-06-14,2.1,80.05,604.61,6690.43,2390.55,True,True,False,https://github.com/example/repo/pull/35,41,31,30,1,10
176,6236,ISSUE-176,https://issues.example.com/ISSUE-176,ZhNKFgunHZJBRHu,nBsazhrkPZorHHrhHTyXvvDZfjbzbbzhcposgbvjkBNlkvtxaW,vMGGuMoWEGWhloZSttfpgwTVDugOwsUQdUmGoPnfgdIDCcetkztuwvKVeYuUNHTkPyFixDaLNbmZGYGjfGbiKcctSrsuVqYSvgCZ,NtLgrwGXFuyRDqdVupgb,Bug,Critical,Closed,Incomplete,2022-11-20,2023-02-01,2023-11-25,2024-03-08,4.0,70.48,596.41,2212.36,7357.06,True,True,False,https://github.com/example/repo/pull/989,42,19,38,15,4
177,5091,ISSUE-177,https://issues.example.com/ISSUE-177,fJHuirDmbHMmezP,LlHDzEeibsIbgMYEsWqOOicIXVjWPhjTwxXpQGjUhaQaFqGhhW,rPdqmDLeVeiWpfHlzAHJEQxapSEQuvRdLWIYqLnQJtJgpRTtvLpblwUeHccdEcbyRomlHFVGzmdJmeLbtPBLjiIkBXqdJkuYnwzB,kTgymwukEqQzPhhaPuUZ,Story,Critical,Resolved,Incomplete,2021-04-08,2023-02-20,2023-09-08,2024-03-16,5.3,65.06,331.07,6604.61,5358.89,False,False,False,https://github.com/example/repo/pull/780,7,37,10,16,2
178,7397,ISSUE-178,https://issues.example.com/ISSUE-178,imLCHpCuiIJaJCk,nNPAoidEwlGYuAdIDmpVmGunDHOnGCXMAODCQKMDpZRNnHvwxo,wtVrpmhggNurucknUqtUMkbbnghblCAwcDDLGZKKTrhKHyCQDYiPPiIATdopJhqpJtYDNbbQextssbVccDXIqCQLCYCAsirXgbvL,FOtuBkRHFAkKvPKxsIVj,Bug,Low,Open,Cannot Reproduce,2021-03-22,2023-02-24,2023-07-03,2024-08-03,7.2,16.67,72.69,7321.39,8635.39,True,True,False,https://github.com/example/repo/pull/986,37,30,29,14,10
179,2923,ISSUE-179,https://issues.example.com/ISSUE-179,bESqPcMQNQiYxhk,OioDiwlZtsxbWiPfcINDEqoDsnVjhOOXhHzYXBzpZKxKuoNLOl,xCSnCcZjhoFZbUdNKAgHvqljJXytQzgpvpQlVABMqnVariUNFEzKpEzdtDxCuCGmiZbZRAgdaFatRkGEXwxrCIsAKQTSeEOlBdeP,MEASSPkaXfgBMlSjduHQ,Story,Medium,Resolved,Duplicate,2021-03-06,2023-05-27,2023-12-21,2024-11-19,6.5,51.0,146.52,5558.28,2687.92,True,False,False,https://github.com/example/repo/pull/873,19,40,19,9,10
180,7099,ISSUE-180,https://issues.example.com/ISSUE-180,omwpiaJguKdlvHp,CPCXMBXZvBZjUZakIOWZivdqLecwozBhAKYVgGOqWDIiVeIHOD,brcZkTGUxiIUPyIVjuatakJErHbCjyReSJgjEVGiFuJGMZOfgvoXhhgsPonVtNsCAJKbhlveQEmeQtQPiPdIJrGMYDKrWUqeyfXb,crTFipmtDSqHheXaNLqS,Bug,Medium,Open,Won't Fix,2022-12-16,2023-03-27,2023-08-25,2024-07-13,4.0,10.3,456.91,6536.75,5407.06,True,False,False,https://github.com/example/repo/pull/89,4,26,28,18,3
181,6958,ISSUE-181,https://issues.example.com/ISSUE-181,JwxDncpwkCnfWfP,RwQVTOAeARtShNWEqmgrjrWVIGrWdtHJEOEaLPDLerIezqggZC,EENImxUsMrCBbqhqzESDdJIHrYbptvAPAqLnNOhtbnLuwXubYQEIEcrrwkdNPSrUnuxMcpsoHgeGIOPtEOXhpNRQxobChFBrmDBU,CHgnfoihZCdTcAugRGWc,Bug,Low,Closed,Duplicate,2021-04-27,2023-05-10,2023-06-02,2024-04-27,2.5,39.21,181.57,4301.6,3749.35,True,False,False,https://github.com/example/repo/pull/419,33,12,50,3,1
182,9241,ISSUE-182,https://issues.example.com/ISSUE-182,hMvmCKTPCwCxMpd,ExfJEXxjDZliBrAycmAXTZTwugyDOErnjJNmmUeCVtrCIzEVAO,dKxbGaFVGMRwAKdXfnBOtblQKkLldbbojbyjPpQcOyfEHFtaehZGvmfuGjGMqilrNaPjCPpNfJCpHnpoYLipOdrTxbHIhLMWwsdI,TyltDPKNbrhYWvYgETdA,Task,High,Closed,Won't Fix,2022-02-10,2023-04-14,2023-10-08,2024-06-26,3.6,39.61,953.84,1547.09,5745.02,True,False,True,https://github.com/example/repo/pull/709,29,16,29,1,4
183,3067,ISSUE-183,https://issues.example.com/ISSUE-183,hkGgBHJAecEHWdb,gTZCTikvvWUElseoZKUkDfoICdvkbjHkgWvcKsgGbqgIiowxHW,MVOjdGwkDdrWQRTtfTHKqqjGIwZVAlaJvFDUPrSjQblQsnUWYpgKgpEDKcjAJRROPSMQAAFtgEzONIcbrCNteiRGNugcrTatDQog,TNfbZgYtZYxhIzVNAcFw,Task,Low,Open,Duplicate,2022-09-24,2023-03-23,2023-09-13,2024-04-30,5.3,81.3,665.04,5275.01,3832.59,False,True,True,https://github.com/example/repo/pull/887,39,28,38,13,8
184,1990,ISSUE-184,https://issues.example.com/ISSUE-184,pnqprHLioQOAUIA,xvtZwgMsLHCVZXRMnyETtvUkYqhTceILuAMfgSkthlSQekBCas,qvabHAsWiEBVliVakaYGRCFSmDxZouQRLbZdYMcaGOGNtHjcCSLJllSbPhQtezhRQJLWJdxrYLCoymzBsQiJlRbQLzGyyXGTssgZ,aoLwerRHJsZJdAhyTmbH,Story,Medium,Closed,Cannot Reproduce,2022-06-03,2023-02-12,2023-09-03,2024-05-26,6.1,77.09,77.65,6142.76,9638.87,False,True,False,https://github.com/example/repo/pull/997,2,28,1,7,5
185,3457,ISSUE-185,https://issues.example.com/ISSUE-185,AvGjDwfDByusGsG,XhyyNwbyKYknzDYCoITAAWzVwkBqZEHgtcDqcFswHiihgtSHWV,falwWfwkyaRBAEFYRMWDRJjVrSpzRyVyEvfEqIxyKBvKXVwURsvoVHZliatDHNwVEfzcYmzAxJzetzJOhHoFjwJnaWtrsuNAfSZX,rnzZPtrHNqeXqtbgJFnr,Task,Critical,In Progress,Fixed,2021-11-12,2023-04-21,2023-10-17,2024-02-10,8.2,42.88,592.22,6649.83,5117.06,False,True,True,https://github.com/example/repo/pull/981,40,36,23,18,7
186,7698,ISSUE-186,https://issues.example.com/ISSUE-186,wsolqUoCdBNLPpj,TtepJQeoiEzAEVJCnhwkFPNrkLzIahqeMIKueTSoksbuaCuXZZ,HVjsIWppMwJlazCwVZszUNNPcpphRAzokDFnMSTvapZNYvZtWmieKKfUPyOrkrVpdQcDFNHyUXiIvlLPjCoyxEgfSnBxNpLJAVqd,tHCEklAodVJDjTMwvtFw,Task,High,Open,Fixed,2021-07-13,2023-03-02,2023-07-25,2024-09-12,9.7,24.68,582.24,607.6,3048.46,True,False,True,https://github.com/example/repo/pull/510,38,27,14,18,3
187,1491,ISSUE-187,https://issues.example.com/ISSUE-187,BekpiKmtpiYuQmm,BdSkpabOOIICGTpwyddBvXZTzcmRKWTJorPLjjrxUCfMJpywNT,lHcZjKvDBYCCJLIANZgErmrCMZloYVcKMqddzLCqaxApZgmGewwVsZnbYmuijPlITMSPxmcYFzriEHmpAOBliDhCAuCcLVgVlJIt,hfXTiojpcDVQKwwoVmmn,Bug,Low,Closed,Won't Fix,2021-10-06,2023-03-20,2023-06-08,2024-02-21,7.4,29.93,317.34,8471.06,9122.57,True,False,False,https://github.com/example/repo/pull/830,25,46,15,18,6
188,3833,ISSUE-188,https://issues.example.com/ISSUE-188,DHdOVyEHeeNmXqX,sZMPlhlIiWeNtKIiFwdArDwebraBMaGhFdjVwUszZpkGxhzlAB,JVOHJlPvnRBrusYQqyGIQEPwiYJWSsTpNSeoDpSBgnIpIKvEzgmYdwikWjqFELCeOGFERXpeRYxLqRyWnpMRRUYQqHLRaeKmqAHK,TSGujfvhVgjoghkGCeAM,Story,Low,Resolved,Duplicate,2021-01-09,2023-04-26,2023-09-03,2024-10-22,11.6,73.88,706.8,4229.07,8480.25,False,True,True,https://github.com/example/repo/pull/683,26,15,15,9,5
189,4878,ISSUE-189,https://issues.example.com/ISSUE-189,RDYrywUGsJAuneN,AGtkbLkOdhghyzGkHkSDfgMtwlTQURHwSuOOJdNnAGJfLIcCvg,FjkeDWhWrySKqsxnadKdCJRtZMUmhfArhzEwUEdeshcdEPvALjcFodGaGiZYXtXraVybAasrcLRBABqQGLHWDijhuDfGJnGfAVeI,wgVeDABSdlPDdHKMrZlv,Bug,Critical,In Progress,Incomplete,2021-03-07,2023-03-17,2023-12-25,2024-07-11,10.6,10.77,969.48,5118.12,7363.09,False,True,True,https://github.com/example/repo/pull/495,42,11,44,13,9
190,4795,ISSUE-190,https://issues.example.com/ISSUE-190,gmPxbnHVZtCLIcp,SnMczjjvgxlhqiHOkTcPQRPRwqXAKgHTEgcPzEwaatlnEsfeJP,EeovcjNoyGjtuIqKFmHkaJcxEvSScsKIQCpEUkDfdSITrcZxwLDyfKdoWAtFgOIfKoXiZrpBvKrPkcIRLUtxKrOiuXVGHbVfHinu,vwAtshoUeuPvKOlgtjeS,Story,Critical,Closed,Incomplete,2022-06-25,2023-04-21,2023-09-10,2024-04-06,10.6,57.74,895.96,272.13,586.87,False,False,False,https://github.com/example/repo/pull/744,13,4,22,13,6
191,3903,ISSUE-191,https://issues.example.com/ISSUE-191,wfkFBbJRVVDMrDT,ladVYdvArfvjQpfpyeCaKadugebRNCbfzPyOEuvgUCpwtWeDuU,IWBJyultosePrRWljjwkVFsBAxAXkXdMJEoKObHfbkJqEVjNtzqDIrztsmsGKsTEeeKWAfVuWJVTXWcmNDjHoDPCxIfHkPCIUVKP,UTdelJxvLABeBjwabtig,Story,Critical,Closed,Incomplete,2021-08-24,2023-02-26,2023-09-29,2024-09-19,10.0,31.59,899.02,1031.95,1108.41,False,True,True,https://github.com/example/repo/pull/900,3,32,35,9,7
192,8198,ISSUE-192,https://issues.example.com/ISSUE-192,harGcCGcxtYFFen,oXYBwmhUheLQiCwHOdJmXxzdfMZzcWbIYdHlRSXAGSWTehuVpL,rmUKJzXcmVtVfsFOEDITCvPZgTwTqLbacnePiRygLfHXtqvVeXyeWdjtmmcClEUaxNSMLvjcHkClZJjRZpTGUBrbftdpCFNrnWHH,SFfBWVELRSyEWsbhmiEN,Story,High,In Progress,Fixed,2021-01-26,2023-04-09,2023-10-29,2024-12-14,10.4,24.01,129.17,3270.14,477.01,False,True,False,https://github.com/example/repo/pull/34,14,29,10,7,9
193,2358,ISSUE-193,https://issues.example.com/ISSUE-193,qqSvYQszGeoyzbD,bFVGXgcWJmsdvNYITsqYZoCgUODZkgbGmHQcxmiAzopxjHaAeX,IDgnbFgVNtxjiOaLrJmZlxJZbpLHXcBLxtUdzLFnvmslZmzjWNRVogogsaCWWWSyVcoQtAgftrLECplYnsrZNayPboOICBUwkNCR,zSmNtzpoReLpNIZntmqr,Task,Medium,Closed,Fixed,2021-04-25,2023-01-03,2023-10-31,2024-03-29,1.2,36.16,786.35,6753.72,6969.55,False,True,True,https://github.com/example/repo/pull/877,38,8,20,5,3
194,6994,ISSUE-194,https://issues.example.com/ISSUE-194,sRKxCGohfUgtssw,CGEjnotzHzlgeLMtvwHpDjEMzgGnmXqfrThLnkBuHasQGDFBFq,VrvuHsUOPtICxvuOPfwEVpXWpyZuNGKxvIpiRXvefpyVdeuDLbVxkRvUHrXqyMfXJefnsHpUYRWfPUfWMknGytWfcDhMJzoUxdkQ,RIFzMTrhUIJPjUAMttKp,Task,High,Closed,Won't Fix,2021-02-14,2023-05-13,2023-07-03,2024-05-04,8.5,49.07,150.82,2225.77,9423.8,True,False,False,https://github.com/example/repo/pull/622,39,22,15,17,3
195,1127,ISSUE-195,https://issues.example.com/ISSUE-195,qRjiviSkQMGDUIY,oCTKRPFDDEZMlBbGUjgxUlsCmMTnaodaPdsRETCZEkvJUYeOdx,uewceAuRZIWQUUZTTgxulNpRuECfGqcKmKvwfDGLUYpbLWTIiRldORmiCjUlrmOZiWcgxvSnoORCBbKAGcxDaDbOPOgnjqDBNWOJ,FXfXHsUqzzghtZFKUuzQ,Bug,Critical,Resolved,Duplicate,2021-03-31,2023-02-26,2023-12-02,2024-09-13,4.6,65.98,591.53,8054.35,1684.9,True,False,False,https://github.com/example/repo/pull/539,5,30,41,10,6
196,3465,ISSUE-196,https://issues.example.com/ISSUE-196,kJXKKAGqXbzvObz,XOEhjFpEmCdfNBBnGQNDJILKxUNOjGIfgjxbSZGPmpIZdSrTZH,yPFxXfwHWwZsVCGcdVGgwIhOOwDYkXxZjuNMrEqRIUjtuUwhAtrKqLKueWrcTOCvFltKjbGRlJSydqqyWQdWfNWvFNjQYdBMdALN,nMVLwJLzRveIUbdFckdl,Story,Medium,Open,Cannot Reproduce,2022-01-01,2023-03-15,2023-07-27,2024-09-25,12.2,64.08,304.39,2011.28,859.27,False,False,True,https://github.com/example/repo/pull/986,16,1,13,11,3
197,9081,ISSUE-197,https://issues.example.com/ISSUE-197,ftDrvuXAGtdYckx,iEkPasYExpgotSUuFvUdyREMwChnnIKbmbdOQPPTRfMAcHjxJg,najYgotzFsWcUqXEeMJMwsEPXNMNIAaOHlSffaMHIEgUVFYkSfmHqOyzLSsmACHXaXapJyapLugdJcyabUHVxRDRzBiShCkTFEHe,sZaBiiitLOVZIzDrTqQU,Task,Critical,Closed,Incomplete,2022-11-12,2023-01-21,2023-09-26,2024-06-02,11.0,11.35,336.43,2862.73,1630.32,True,True,False,https://github.com/example/repo/pull/886,25,4,29,4,8
198,3041,ISSUE-198,https://issues.example.com/ISSUE-198,emMELtwwvAENTmn,qegDjRHVhjyUGvaONLUxZMnVeONknyqKcjEmpTtXuExCHicFJY,QqrxENNJNcbmAREMoMsRTEziqERwCQPjWmwDJpsdgIMTUXMndFCeFcugXHOXgYItlQURFJBWwBXMQIyBZCWFhPrckTWuiALrNtpk,OuxGiplNbofGAiLPTJUy,Task,High,In Progress,Duplicate,2021-09-05,2023-05-03,2023-11-29,2024-06-09,12.8,17.77,804.52,4421.04,4001.08,False,True,True,https://github.com/example/repo/pull/873,49,36,50,12,4
199,4523,ISSUE-199,https://issues.example.com/ISSUE-199,CzxYCWFVYQbSrwU,zmLkzCeuFiRCTtVjoqTHaCNmJmvZEzYqwTBqNOmMZxggejjLNL,lAHmOazAFzPrlitsSkhDhuHYuaJqmmQFortluMhjiXLdpEOKAEYfguxooTMChuPCcakOCQpJxADeSrUTjBrvYqylXUXFoFQdBTYz,kVhOPHqjuQVCkvXkZQqc,Story,High,Closed,Fixed,2022-03-19,2023-04-06,2023-09-24,2024-04-28,2.7,29.48,138.94,9856.7,9506.29,False,True,True,https://github.com/example/repo/pull/718,4,30,28,5,9
200,6381,ISSUE-200,https://issues.example.com/ISSUE-200,FITuNCXhYrTQOia,vJklXquMgySfLprIJBRXkywYiQGSsGwRqSujSePdwiOciWsYeJ,xPapqoMXOOVAOKZrtFodBfLEnckSZqloVIYuGMmTRSOCvHVCVSzFxZilVHbCpGpJfROhwwhuKmbSDnXoeeoYuRVprDKnMNjBwQOB,OnfgDooDjUyUYcWCcFZY,Task,Medium,Open,Won't Fix,2021-03-04,2023-05-15,2023-06-24,2024-12-15,9.0,24.2,748.59,1803.24,2979.39,False,False,False,https://github.com/example/repo/pull/456,2,40,38,8,4
